"{'gid': 'G1', 'drseq': 'AGTGTCAATTCCTCATAGGTAATGTCCGACAAA'}"
"","{'seq': 'GAGGAAAATATGAATGATAATATTAAGATTTTAGGCGCCATT', 'spid': 'SP5', 'cov': '3'}",8
"","{'seq': 'CAAGTGATGCGTCAGAACGGAAAAATAGGGACAAAA', 'spid': 'SP8', 'cov': '1'}",8
"","{'seq': 'TTTTAAAGTCTCTGGCAAGTGAGATTGCTGCTGCCGAA', 'spid': 'SP35', 'cov': '7'}",10
"","{'seq': 'TCCTTGATGAAGGCTTTGCTGTGGATGGTGTGGAT', 'spid': 'SP23', 'cov': '3'}",9
"","{'seq': 'TTAGACATGCAGATTGGAACATCCGATAACCTG', 'spid': 'SP15', 'cov': '3'}",9
"","{'seq': 'GTAGAAAAAGTTGAGTAAGATTTAACTTTT', 'spid': 'SP64', 'cov': '1'}",7
"","{'seq': 'AGATGAAATATGTAATTGACAGAAATGAAATGA', 'spid': 'SP39', 'cov': '5'}",6
"","{'seq': 'ACAAATTGGAAAGTTCTAATACCGTACA', 'spid': 'SP53', 'cov': '2'}",5
"","{'seq': 'GAACCAGTAGTCTTTAGAAATATCCATGATAA', 'spid': 'SP73', 'cov': '1'}",1
"{'gid': 'G2', 'drseq': 'GTCACACCCTGCGTGGGTGTGTGGATTGAAACA'}"
"","{'seq': 'TGGATTGATAAGACCAAGCACCGGCAGAAGTCA', 'spid': 'SP72', 'cov': '94'}",154
"","{'seq': 'GGATAAACGGTGCAAGTTTTCTTACGTCAGCCAT', 'spid': 'SP6', 'cov': '81'}",156
"","{'seq': 'GTATCTTTGTCTTCCAATTCTTATAGCGTTCGGCA', 'spid': 'SP9', 'cov': '64'}",157
"","{'seq': 'TAATAAACGAACGATGTTGACAATGATCAACA', 'spid': 'SP47', 'cov': '100'}",230
"","{'seq': 'GAGTAACATTAGGCACAGAAGTAAGTGCAGATGTA', 'spid': 'SP70', 'cov': '79'}",173
"","{'seq': 'AGTTAATGATTCCTTCAAACAATGCCGAAATCGTA', 'spid': 'SP35', 'cov': '112'}",188
"","{'seq': 'GAAAGATACCACATAACGGAAAGCAGAAGCATCAGT', 'spid': 'SP22', 'cov': '111'}",204
"","{'seq': 'AGGGCTTCTATTTCCTTGTACCGTTCCGAACC', 'spid': 'SP58', 'cov': '78'}",176
"","{'seq': 'GGCTGGCATGATGATCCTGTAGGTGTTTCCA', 'spid': 'SP100', 'cov': '102'}",192
"","{'seq': 'TCGATACGGAAGCGATATATGTTGAAGCACTTG', 'spid': 'SP28', 'cov': '83'}",166
"","{'seq': 'CCTGTGCCAGACTTTCCAAACTTCTGCCTGT', 'spid': 'SP31', 'cov': '101'}",218
"","{'seq': 'ACCGTAGAGTGTGAGTTGTGCGTTTATAGACA', 'spid': 'SP98', 'cov': '109'}",224
"","{'seq': 'CGCGGATTACGGGAATTAACTGCGGCAAGTGTC', 'spid': 'SP149', 'cov': '46'}",114
"","{'seq': 'TCCATACTACAACAGAGAGTAAACCTGCCACTCCT', 'spid': 'SP217', 'cov': '61'}",112
"","{'seq': 'ATGACGAGGTGAATACGTGTATAGACAACCATAGT', 'spid': 'SP407', 'cov': '7'}",130
"{'gid': 'G6', 'drseq': 'ATTTCAACTCACACGCTCACGTGGAGCGTGAC'}"
"","{'seq': 'AACTCCATTTCTTGATTTTGTCGGACGATTTTCA', 'spid': 'SP5', 'cov': '2'}",10
"","{'seq': 'ACAGATAGACGAAACCAAAACAAGGTATATCCT', 'spid': 'SP8', 'cov': '6'}",6
"","{'seq': 'GCTTTCTGACGCCGAGAGATTATCTAATGACGAG', 'spid': 'SP15', 'cov': '3'}",6
"","{'seq': 'CTTTCAACCCAACCATTTATATCCCGCATATTGGT', 'spid': 'SP18', 'cov': '9'}",14
"","{'seq': 'AGTGCTTCCGCTGTCTCGTTGTACATTCTTATGA', 'spid': 'SP22', 'cov': '9'}",16
"","{'seq': 'CCTGTTACGATCGGGGCAATAAGAACAAATCCC', 'spid': 'SP25', 'cov': '8'}",10
"","{'seq': 'ATATTTATAAGATAATTCGTAATTAATTTTAGT', 'spid': 'SP29', 'cov': '1'}",2
"","{'seq': 'TTATTCCTGGTTTGCCAGCCTTTTTTTCTTGTGC', 'spid': 'SP34', 'cov': '2'}",3
"","{'seq': 'GTGCAGAGGACTAACCGCTCCCATAAGACCAGA', 'spid': 'SP37', 'cov': '4'}",6
"","{'seq': 'CTTGCCGTCCTTTTCCCATTCTTTTTCGTTGAAAA', 'spid': 'SP46', 'cov': '5'}",9
"","{'seq': 'TTATTGCTGAACTCTGAAAATTCGTTTGCTATG', 'spid': 'SP43', 'cov': '6'}",8
"","{'seq': 'GGCACACACCAGAAGACCATCATCACTGAGGAAG', 'spid': 'SP50', 'cov': '7'}",11
"","{'seq': 'GACACTATGGTTGTGATGTTGTCTATTTCACGC', 'spid': 'SP59', 'cov': '9'}",10
"","{'seq': 'ATGAGAACGGTATCGCAGGCGTGAACTTCATCAAG', 'spid': 'SP165', 'cov': '1'}",11
"","{'seq': 'TCCGAGGGTATTTCTACAGTTGACCCGTCTTTA', 'spid': 'SP81', 'cov': '3'}",5
"","{'seq': 'AACAGAAATTCGGTTTATGTTAGAAAATATGTG', 'spid': 'SP153', 'cov': '3'}",5
"","{'seq': 'CATCATTGCGTAGCGACGTATGCTAAACGTCACGC', 'spid': 'SP109', 'cov': '3'}",11
"","{'seq': 'CCACTACCATTAATCAATATTTTTGTGTTACTGCC', 'spid': 'SP128', 'cov': '1'}",1
"","{'seq': 'CATAACCTAACGTCAATATAGCATTTGCGTGATTA', 'spid': 'SP131', 'cov': '1'}",1
"{'gid': 'G8', 'drseq': 'ATTTCTATCCACGCTCTCCTTGCGGAGAGCGAC'}"
"","{'seq': 'ATCCCGCCGAGCATCACGCCAACAGCCAGCAGGA', 'spid': 'SP5', 'cov': '1'}",1
"","{'seq': 'GAGATACCGTATCAGCGCCAGATAAACCAGAAGA', 'spid': 'SP415', 'cov': '1'}",2
"","{'seq': 'TAGATTTCACCTTTCAACCAAATAAACGCTTTAAA', 'spid': 'SP441', 'cov': '1'}",1
"","{'seq': 'AGCGCCTTGGCTTGCTCGGCTGGCTTCGCACTTTG', 'spid': 'SP13', 'cov': '1'}",2
"","{'seq': 'CAGCAAAACCCGTCAAAATTGGCAAAAACCTCAT', 'spid': 'SP16', 'cov': '2'}",2
"","{'seq': 'TGGGACTTGATGGGAGATTTAAGCTATGATAGAA', 'spid': 'SP180', 'cov': '4'}",5
"","{'seq': 'ATAGATTCATCACAAGCCGCCAACTGCCAGCACC', 'spid': 'SP21', 'cov': '4'}",5
"","{'seq': 'CATACATCATAAGACACGCCGTTAATCTCCATCCC', 'spid': 'SP35', 'cov': '1'}",1
"","{'seq': 'TTGACACCAGCAAGGATGTCATCAAGACTGCTA', 'spid': 'SP38', 'cov': '1'}",1
"","{'seq': 'GCATGAGTCGCTGCACGGTCGCGGGCTCCTGCCG', 'spid': 'SP470', 'cov': '1'}",1
"","{'seq': 'TAATTGCTCTGTTTGACTTTCCCATTGTCCCAGCT', 'spid': 'SP42', 'cov': '3'}",4
"","{'seq': 'TTCCGGCACTGCACAACATACTTAAACTGTTCCCT', 'spid': 'SP45', 'cov': '4'}",5
"","{'seq': 'CGCATTACGATAATTACAATCTGCACTGCGTCGAA', 'spid': 'SP477', 'cov': '1'}",1
"","{'seq': 'AGCGGTCACGACTTTAGGGGCCGGATCAGTCAGGG', 'spid': 'SP131', 'cov': '2'}",5
"","{'seq': 'GATAACACACACACTTACCGCGTATATTGCCCCGC', 'spid': 'SP50', 'cov': '7'}",8
"","{'seq': 'GTGGGGCAAAAACGATTCCTGCAAAAGTTAGCG', 'spid': 'SP53', 'cov': '6'}",8
"","{'seq': 'CTTGTCTATGGGTCTTGATGGGAGGTTTAAGCTGT', 'spid': 'SP57', 'cov': '2'}",3
"","{'seq': 'AATCGGCCAGTTACAATGCATACTTGGCAGAAGGT', 'spid': 'SP247', 'cov': '1'}",4
"","{'seq': 'CGCCCAACACTTTTCGACACTGCACAACATATTT', 'spid': 'SP62', 'cov': '2'}",2
"","{'seq': 'TGTTACAGTCTTAGGTATTCAGCATCGCGTCGGC', 'spid': 'SP65', 'cov': '2'}",4
"","{'seq': 'GTGTTACAGTCTTAGGCATTCAGCATCGCGTCGGC', 'spid': 'SP285', 'cov': '1'}",10
"","{'seq': 'CGTTTGGGTGATTATTGTGAACGTACTGGTGTAGC', 'spid': 'SP70', 'cov': '2'}",2
"","{'seq': 'TGCATATCGGCCGGGGTTGTGTTATGATACATAGA', 'spid': 'SP456', 'cov': '1'}",4
"","{'seq': 'GCATCATTGACATAATCAATAATGTAATCAACG', 'spid': 'SP157', 'cov': '1'}",2
"","{'seq': 'ATAGAGCACCTCCTTATAATCTAATGATACATC', 'spid': 'SP81', 'cov': '1'}",5
"","{'seq': 'ATAGAGCACCTCCTTATAATCTAATGTTACATCA', 'spid': 'SP376', 'cov': '1'}",6
"","{'seq': 'TCAACGTGCCGGACTTTCCCGCTACTGATCCCCT', 'spid': 'SP330', 'cov': '1'}",2
"","{'seq': 'TCCTCGCCCCAGCCCCAGTTGCCATCCTGTTTGGG', 'spid': 'SP87', 'cov': '1'}",2
"","{'seq': 'GCTGACCGCATTGGTTATGCTGTGCGGCTGCTCT', 'spid': 'SP94', 'cov': '2'}",2
"","{'seq': 'CCCAGGAAGTGAGCGTGCGCCGCGGTGTGGCACT', 'spid': 'SP446', 'cov': '1'}",2
"","{'seq': 'GCAAACCAAGACGCTTAAAGTCTCGGCGTTGCGT', 'spid': 'SP459', 'cov': '1'}",4
"","{'seq': 'TCGGCAGAATTACGAGTGTTTCCAGTGGATTAGA', 'spid': 'SP100', 'cov': '4'}",7
"","{'seq': 'CCGGTGAATTACGGACTATGCCCCGTGTGTACCGT', 'spid': 'SP123', 'cov': '4'}",7
"","{'seq': 'TCTCCGTGTGTTGGATGGCTCCAAATCGTCTATA', 'spid': 'SP305', 'cov': '3'}",5
"","{'seq': 'TCAATGACGCCATCAATGGGTGTAATCCTGATATC', 'spid': 'SP106', 'cov': '4'}",5
"","{'seq': 'TGTCAATGGAGACGCTCCGTCAAGTTGTTTCGGCA', 'spid': 'SP472', 'cov': '1'}",3
"","{'seq': 'CCACAACCTGGAGGAACTGGGTTATCTGCTGATC', 'spid': 'SP212', 'cov': '1'}",3
"","{'seq': 'TGCAGCAGGCTATCGCAGCCGAACAGTCCGCCCGT', 'spid': 'SP134', 'cov': '3'}",6
"","{'seq': 'TGCGGTGCATTGTGGAGTGCCTGCTGATCGAGAT', 'spid': 'SP393', 'cov': '4'}",7
"","{'seq': 'ACAAGATAAGCACCATCCGCAGCACGGGAGAGA', 'spid': 'SP128', 'cov': '1'}",4
"","{'seq': 'TACACTATGACAACTACAATTTGCATTGTGTCGAA', 'spid': 'SP137', 'cov': '2'}",4
"","{'seq': 'CCACATATTTTGAAACCTCTTCAATGGACGACTTA', 'spid': 'SP151', 'cov': '1'}",1
"","{'seq': 'TTAACAAGCGTTGTGAGTTCAACGGGGACAATAG', 'spid': 'SP254', 'cov': '2'}",3
"","{'seq': 'GGTGGTCGATGTCCGCCGCGCCACCGGCACGGCCG', 'spid': 'SP427', 'cov': '2'}",4
"","{'seq': 'AATCGTTTCGGCCGGCCTATTGATGTTCAACTTGT', 'spid': 'SP272', 'cov': '2'}",5
"","{'seq': 'AGGTACCGAATCAAGGCAAGATAGACCAAAAGA', 'spid': 'SP178', 'cov': '2'}",5
"","{'seq': 'CAACAGTACTAACGCTAATCTGGGATGTCATCGCA', 'spid': 'SP293', 'cov': '4'}",6
"","{'seq': 'TAGTGCACGCCCTGAAATTCGCCGACGCGATGCT', 'spid': 'SP462', 'cov': '1'}",2
"","{'seq': 'GCACCCAATCGGCGTCCTTGTTCGCGTAGTAAAA', 'spid': 'SP317', 'cov': '1'}",4
"","{'seq': 'GACATGAAAATGCGGATGATAAGAGCCAGTAAAA', 'spid': 'SP336', 'cov': '1'}",4
"","{'seq': 'CATCCCTTTTGTACAGTTCCTCTTGCATACACCG', 'spid': 'SP216', 'cov': '2'}",2
"","{'seq': 'TTTATATTTAAGTGTAGTAGCATACTCTTATTA', 'spid': 'SP219', 'cov': '1'}",2
"","{'seq': 'TAGTAAAATTTAGCGTTTCAGGCAGCGTAATCAGT', 'spid': 'SP359', 'cov': '1'}",3
"","{'seq': 'TAGGCAATCCACGCAAAAAGCCGTGAACATGCCAA', 'spid': 'SP480', 'cov': '1'}",2
"","{'seq': 'AAATTGATGATTTAATCAGCTGACCGGCTCCACCT', 'spid': 'SP231', 'cov': '2'}",4
"","{'seq': 'ACAGTACTAACACTAATCTGAGACGTCATCGCG', 'spid': 'SP234', 'cov': '1'}",1
"","{'seq': 'CCAACAAGATGGGCACCAACATGCAGGATATCCA', 'spid': 'SP354', 'cov': '1'}",2
"","{'seq': 'CAGGTGTTTCAACGCATTGCAAAACCGTTCCGT', 'spid': 'SP245', 'cov': '1'}",1
"","{'seq': 'GTATGACACATACGCAAAAGTTTTGCGCGTCAAC', 'spid': 'SP251', 'cov': '1'}",1
"","{'seq': 'GTGTTACTGTCTTAGGTATTCAGCATCGTGCTGGA', 'spid': 'SP301', 'cov': '1'}",7
"","{'seq': 'GTGTTACTGTCTTAGGTATTCAGCATCGAGTTGGG', 'spid': 'SP362', 'cov': '1'}",7
"","{'seq': 'GCGTGATCAGCGTCTAAGTTGGGGGGGATGTCT', 'spid': 'SP382', 'cov': '1'}",4
"","{'seq': 'GTGCGCGGTCAGCGTCCAAGTTGGGGGGGATGTCT', 'spid': 'SP417', 'cov': '1'}",4
"","{'seq': 'GCTGTTTGCGCTGTTGCGCGATCTCCTGCATCACG', 'spid': 'SP270', 'cov': '1'}",3
"","{'seq': 'TTAAATCTCCCATCAAGTCCCATAGACAAAAAC', 'spid': 'SP309', 'cov': '1'}",2
"","{'seq': 'TTGCCTGTATCGGCTTCCACTAATTGCGCTGCCT', 'spid': 'SP313', 'cov': '1'}",1
"","{'seq': 'ATTCGGCAAACTAAAATTAAACATAGGTTCACT', 'spid': 'SP324', 'cov': '1'}",1
"","{'seq': 'AAAAGTCAAAAAAGGACAGGCAGCGTGAAATAGTA', 'spid': 'SP334', 'cov': '1'}",2
"","{'seq': 'GCGTGCACTATGACAACTACAATTTGCACTGCGTT', 'spid': 'SP437', 'cov': '1'}",2
"","{'seq': 'CATTCCTGACCGGGAACCTGCTGCCGGATATCTG', 'spid': 'SP352', 'cov': '1'}",1
"","{'seq': 'CTTGGTTGACTATCGTTCCATCGTCGCCAACAAGG', 'spid': 'SP365', 'cov': '1'}",1
"","{'seq': 'GCAAACCAAGACGCTTAAAGTCTCGGCGTTGCGA', 'spid': 'SP389', 'cov': '1'}",2
"","{'seq': 'CTAGCAGATTGCACAAAATTTTAGCGGATTGGG', 'spid': 'SP400', 'cov': '2'}",2
"","{'seq': 'TCAGACAAATTGATAGGGTCAGTATAACTAGACGA', 'spid': 'SP408', 'cov': '1'}",1
"","{'seq': 'CCGGGCAAAATCTGGTCAACGGCATTTGCTTGAT', 'spid': 'SP411', 'cov': '1'}",1
"{'gid': 'G10', 'drseq': 'GCTGTATTCAATGGTTCAAAGATACTAATTTGAAAGCAAATCACAAC'}"
"","{'seq': 'ACGCGTTCTGTTAAAGAAATTCATTATTTC', 'spid': 'SP5', 'cov': '6'}",10
"","{'seq': 'ACTGTGGGTTATCTTCCTCGTTATTATTCT', 'spid': 'SP8', 'cov': '12'}",18
"","{'seq': 'CTTCTTCCATAGTTCGAAATATTTGGAATT', 'spid': 'SP12', 'cov': '7'}",11
"","{'seq': 'ACCGTCCGTGCCGTCATTACCATCTGCCA', 'spid': 'SP15', 'cov': '9'}",12
"","{'seq': 'TGGTGTCTGGTGCTATTGGCGCTAGAACTA', 'spid': 'SP20', 'cov': '11'}",16
"","{'seq': 'TTATACTCATGTTGTTTTTTCATTAATGT', 'spid': 'SP24', 'cov': '10'}",15
"","{'seq': 'TCTTCGCTACGCCAATTGGAATAAAGATAA', 'spid': 'SP27', 'cov': '9'}",10
"","{'seq': 'TTCGATAGTCTATGATGTACACAATTAGGG', 'spid': 'SP62', 'cov': '11'}",18
"","{'seq': 'TTTCAGACATCATTTTCAACGCAGAAGCCA', 'spid': 'SP37', 'cov': '6'}",7
"","{'seq': 'CTTTCCCCTGAAAAGGTTGAGATGCTTAAA', 'spid': 'SP64', 'cov': '6'}",8
"","{'seq': 'TATGAATAAGGTGGAAATTTTTTACAAAAA', 'spid': 'SP44', 'cov': '2'}",4
"","{'seq': 'ACCAATAGCGTTAAAGGTTTCTTGAAGCAA', 'spid': 'SP49', 'cov': '2'}",3
"","{'seq': 'GGTCCCCTTACACCTTATTTGGCGTAATG', 'spid': 'SP54', 'cov': '5'}",7
"","{'seq': 'AGCAATCCGCATTTGATACCAAGTTGCAAC', 'spid': 'SP79', 'cov': '7'}",12
"","{'seq': 'ATGCGCGAACAACATAATCTTGATTAGACG', 'spid': 'SP118', 'cov': '5'}",11
"","{'seq': 'CGGCCTTATCACTTTCCCCGTTCTTGTTAT', 'spid': 'SP68', 'cov': '6'}",10
"","{'seq': 'AAGAAGTTTTGTCAGGATTATTTTCGTTAT', 'spid': 'SP75', 'cov': '9'}",19
"","{'seq': 'TCGTTATATCTAACTTTATAAAGTGCACTG', 'spid': 'SP92', 'cov': '4'}",19
"","{'seq': 'CACCAGCGCTAACCACCTTAATAGGGCTA', 'spid': 'SP122', 'cov': '1'}",1
"","{'seq': 'CAGAACTTGTTTTCTTCTTCTCAGTGCTTG', 'spid': 'SP135', 'cov': '3'}",7
"","{'seq': 'CGTGAGGCGGTCTATCTCCCGTCTTGCGGA', 'spid': 'SP129', 'cov': '1'}",1
"","{'seq': 'TACAATAAGGTAGAACGTTTACAATCCCCG', 'spid': 'SP148', 'cov': '1'}",3
"","{'seq': 'ACATTAAAGTATCAAAGGAAGTCGTTCCCG', 'spid': 'SP139', 'cov': '1'}",1
"","{'seq': 'TTCGTAAAAATACATCTCTTCATATGCTTA', 'spid': 'SP144', 'cov': '2'}",2
"{'gid': 'G18', 'drseq': 'GTTGTACAGTTACTTAAATCTTGAGAGTACAAAAAC'}"
"","{'seq': 'AAAGAACAGTATACAGAGGCTCGTGCTAAT', 'spid': 'SP53', 'cov': '1'}",2
"","{'seq': 'AAGGAAATTTAACTCCCAGAGATGACAGGT', 'spid': 'SP6', 'cov': '2'}",2
"","{'seq': 'TGCTGATGAGTTAACAACGTCTATCACTTC', 'spid': 'SP10', 'cov': '3'}",5
"","{'seq': 'CACGTGCTGTTTTGGCGGTATCCGTGGGTC', 'spid': 'SP13', 'cov': '3'}",5
"","{'seq': 'TATGATAAAGTTTGGGACTATGTTAGACAG', 'spid': 'SP17', 'cov': '3'}",4
"","{'seq': 'GTATGTAGAAGATAATCAGCTTGATGTCGT', 'spid': 'SP21', 'cov': '3'}",5
"","{'seq': 'TCTTTTGCTTGATTGCTTAGCCTTCTATGT', 'spid': 'SP62', 'cov': '1'}",2
"","{'seq': 'ACTCAATGGGCACAAATGATTGCTAATGGT', 'spid': 'SP28', 'cov': '2'}",2
"","{'seq': 'TACCTAGCAAAATACACGGCTTAAAATCGA', 'spid': 'SP37', 'cov': '3'}",3
"","{'seq': 'CATGGAAATCGGAACGAATGCTCCACCTAT', 'spid': 'SP45', 'cov': '1'}",1
"","{'seq': 'CGATTCCACCAGGAAAATCACAGCTAGAA', 'spid': 'SP48', 'cov': '1'}",1
"","{'seq': 'TTATAAGTGTATATCAAATAAGTGATAAAC', 'spid': 'SP57', 'cov': '1'}",1
"","{'seq': 'GTTCCGTCAGTTTCCCATTCACTTATTCTA', 'spid': 'SP65', 'cov': '1'}",1
"","{'seq': 'ACACTCAAAAGCCGATGGAGTACACAGAAA', 'spid': 'SP74', 'cov': '1'}",1
"","{'seq': 'TAACGTCATCAGTCCACCGCCTAAGATAGA', 'spid': 'SP78', 'cov': '1'}",1
"{'gid': 'G24', 'drseq': 'AGCGTTTCAATACATCTCATGTTACTCTTTATC'}"
"","{'seq': 'TATAAGCTGTCCGATATGCTTCTTTCGAACT', 'spid': 'SP5', 'cov': '3'}",5
"","{'seq': 'AGAACTCCGGCTTGACCCCTTGAAGTCAATCA', 'spid': 'SP15', 'cov': '1'}",3
"","{'seq': 'GATCAACAGCAAGATGACAGTATACCTTATTG', 'spid': 'SP48', 'cov': '1'}",2
"","{'seq': 'AGTATAAGGCTTGTAAGCTCCATATCCGCCCAG', 'spid': 'SP12', 'cov': '1'}",1
"","{'seq': 'TGCTTCGGTCTTACAATCGCAAACTCTCTATC', 'spid': 'SP20', 'cov': '1'}",1
"","{'seq': 'TAGAAGGTGAAATAATAGAGGAAAAACCATT', 'spid': 'SP24', 'cov': '2'}",2
"","{'seq': 'GGGGTAATCTTTAATAGTTGCAGATGGTGCA', 'spid': 'SP56', 'cov': '1'}",3
"","{'seq': 'TAGTAAGGGGACTATGCTCCTGCTCCGCGTGC', 'spid': 'SP30', 'cov': '3'}",3
"","{'seq': 'AAATTAGGATATGAAGACAGTGATATTGAAT', 'spid': 'SP51', 'cov': '1'}",2
"","{'seq': 'TATAGCATATTACGGATGGTTCAAACATTCTGA', 'spid': 'SP41', 'cov': '1'}",2
"","{'seq': 'AAGTATGGGCTATCCTCTGGTTCTTGTGGCACTT', 'spid': 'SP46', 'cov': '1'}",1
"","{'seq': 'TAGGGATAACGAATGGATTCTTGGACGATACCA', 'spid': 'SP61', 'cov': '1'}",1
"{'gid': 'G25', 'drseq': 'ATTATACCATACCAAGTGATAACAGGGAATTACAAC'}"
"","{'seq': 'AGGCGGCGTGGGCGTAGTCGGTGAATTTGT', 'spid': 'SP5', 'cov': '8'}",12
"","{'seq': 'GCATGCTCTATACACCAATAGATATGTTTG', 'spid': 'SP33', 'cov': '6'}",10
"","{'seq': 'TATTGCATTGATACTTTTTGTCAAGTCATA', 'spid': 'SP30', 'cov': '6'}",15
"","{'seq': 'CAAAAGCATGTGCTAAAGGTCTGTTTTATC', 'spid': 'SP11', 'cov': '7'}",16
"","{'seq': 'GTGAATCAGGTGGTTGAAGAATATCAGGCA', 'spid': 'SP24', 'cov': '9'}",12
"","{'seq': 'AGCCAGAAAGGAGAAAAATGAGCGAAGATA', 'spid': 'SP16', 'cov': '4'}",8
"","{'seq': 'TGCTGATGCAAGGATTGCACCAAACAGTTC', 'spid': 'SP92', 'cov': '6'}",12
"","{'seq': 'GCCAGTGAAGAACATGAACCCTTGGTCATA', 'spid': 'SP21', 'cov': '8'}",16
"","{'seq': 'AACACACCCGCCCTGATGTTTTGGTATGGG', 'spid': 'SP42', 'cov': '7'}",13
"","{'seq': 'ACATAAGGAAAATATATCATTTTTCCACCC', 'spid': 'SP39', 'cov': '6'}",10
"","{'seq': 'CATGACATTGCTGTCGTAAAAAGCAAATAA', 'spid': 'SP36', 'cov': '5'}",6
"","{'seq': 'TGCTAAAAAGAAAAATGATGTCAATAGTT', 'spid': 'SP95', 'cov': '4'}",9
"","{'seq': 'AGTTCTTTGATGAGCTTTTCATCAAGCCAC', 'spid': 'SP61', 'cov': '5'}",11
"","{'seq': 'AACCCGGTTGTGGTTTCGGGCCATTCTCGA', 'spid': 'SP152', 'cov': '3'}",6
"","{'seq': 'GTGCAATGATTGACCAGTTATCACCTATGA', 'spid': 'SP131', 'cov': '4'}",7
"","{'seq': 'TTTAATTTCAGAGGGAAAAACGGTGGATTT', 'spid': 'SP86', 'cov': '4'}",10
"","{'seq': 'CCATCAATAATTGCTGGTCTTCAAAAAATT', 'spid': 'SP117', 'cov': '3'}",6
"","{'seq': 'CAACCTTGCCACTGATGAGACAAGCACACA', 'spid': 'SP90', 'cov': '6'}",9
"","{'seq': 'TTACCAAATTCTGCCCCTGATATATCAAAT', 'spid': 'SP70', 'cov': '2'}",2
"","{'seq': 'TTATGAACTCCAGTTCAAATAAGTTTAATT', 'spid': 'SP75', 'cov': '3'}",9
"","{'seq': 'TAATAATTACCATTCAAAAGATCGCTTTGA', 'spid': 'SP78', 'cov': '2'}",2
"","{'seq': 'CTACAGATGTAGCTGCAGAAGAACTGAATA', 'spid': 'SP83', 'cov': '1'}",1
"","{'seq': 'GGCTGATGATAACTATGTGATGAAGCACAA', 'spid': 'SP100', 'cov': '4'}",6
"","{'seq': 'TATTTGCACCCTGAAATGTAATGTTTCAGG', 'spid': 'SP105', 'cov': '6'}",7
"","{'seq': 'TCCAAAGTTTGAAATAAATTACGGTGGAAT', 'spid': 'SP113', 'cov': '3'}",5
"","{'seq': 'TTATTGATGTAACTTCTGAATGGTGCTTTG', 'spid': 'SP147', 'cov': '1'}",1
"","{'seq': 'GTAGCAATCATAAAGCACCGGCGAATGAAA', 'spid': 'SP163', 'cov': '1'}",2
"","{'seq': 'ACATTGACAAGTATGTGTTGGATAACGCCG', 'spid': 'SP175', 'cov': '1'}",1
"","{'seq': 'TTATGTTGTCGGTCTGTGTCGCGGTGGTCG', 'spid': 'SP184', 'cov': '1'}",1
"{'gid': 'G32', 'drseq': 'ATTGAGAAATAAGATCCCCGGGAAGGGGACGGAAAC'}"
"","{'seq': 'CGCATAACGAACAAACCGTTGTAGATTCGTCAAATACC', 'spid': 'SP6', 'cov': '3'}",6
"","{'seq': 'TTGAACTGAATTAATTTTGTCTTCTCCAAAGTCAAT', 'spid': 'SP10', 'cov': '5'}",9
"","{'seq': 'GCAAGTCTGCAATTAATACGCTCAAACTTATCAT', 'spid': 'SP13', 'cov': '8'}",10
"","{'seq': 'TAGGTACTTCTTTTTGTTTAACACATTGTGCTGTAT', 'spid': 'SP18', 'cov': '6'}",10
"","{'seq': 'TAATCTTTTCTGTTGCTCTCATGAATCTCACATAAT', 'spid': 'SP22', 'cov': '4'}",14
"","{'seq': 'TGAACTATACATCCTACTTACTAATCAGGTTTTACTA', 'spid': 'SP29', 'cov': '6'}",10
"","{'seq': 'CCTTCTCCCGCTGCTGCTCCGCCGGCGGTAGCTCC', 'spid': 'SP33', 'cov': '4'}",5
"","{'seq': 'TGTACATCCTTTTCCCATATAAAACTCCTTTCTTCAG', 'spid': 'SP112', 'cov': '1'}",7
"","{'seq': 'TCCGCAACCTCACTTGTACCTAACATTAGTTATCCT', 'spid': 'SP42', 'cov': '4'}",8
"","{'seq': 'AGATTAGGTTTAGTACCTATTCAAATTTACGTGACTG', 'spid': 'SP45', 'cov': '5'}",7
"","{'seq': 'AATTGCAACTACATTGTTAACACCAAACTGAATGAACT', 'spid': 'SP49', 'cov': '8'}",13
"","{'seq': 'AGTCTTTGGAACCGGTGGTGGGATATTCGCATCTT', 'spid': 'SP56', 'cov': '2'}",2
"","{'seq': 'TTTTGCGAAACCCATCAATTTACTACATGTTACTTCCA', 'spid': 'SP64', 'cov': '3'}",4
"","{'seq': 'GATAACTCGAGATTGAAAGCAGGAGCAACGACAAGAA', 'spid': 'SP84', 'cov': '1'}",4
"","{'seq': 'ATTGTGACACCCTCCGGATATTTTTTGATCAGTTC', 'spid': 'SP126', 'cov': '1'}",1
"{'gid': 'G33', 'drseq': 'TGAACCAACTCACACCCCGCAAGGGGACGTAAGAA'}"
"","{'seq': 'GCAAATGCCATAATCATGACCATCGAAACAGCTTT', 'spid': 'SP6', 'cov': '8'}",15
"","{'seq': 'TCTCTCAGAATAACTCGAAATGCCGTTCTGAGCT', 'spid': 'SP10', 'cov': '5'}",12
"","{'seq': 'AAAACAAAGCCTGCTTCTCCCGATAAACCAA', 'spid': 'SP30', 'cov': '2'}",7
"{'gid': 'G36', 'drseq': 'ATTTCAATCCACACTTCCGCAAGGGAAGTGAC'}"
"","{'seq': 'TTTTCTGCATTCAGCATAGTGTTCTGCAGTTCT', 'spid': 'SP5', 'cov': '4'}",8
"","{'seq': 'TGATATACTCATACGGCCACCCCCATGCCTCAA', 'spid': 'SP35', 'cov': '6'}",8
"","{'seq': 'TCCCGGATTATGCAGAAGAGCAGGGGAACTCATC', 'spid': 'SP10', 'cov': '6'}",7
"","{'seq': 'GGGATATAAATAATATTCTCTGCATTCTCTAAA', 'spid': 'SP13', 'cov': '3'}",5
"","{'seq': 'TACTTTCAAAATGCGAGTTGGTATTACCAAAGATT', 'spid': 'SP143', 'cov': '6'}",7
"","{'seq': 'CTCTCATCGTTTCGCCATCCCCTCAAGAGTGTG', 'spid': 'SP24', 'cov': '8'}",8
"","{'seq': 'AGTGTGGGAAGGCGTGTAGAGTTGTTGCAGGCTT', 'spid': 'SP148', 'cov': '5'}",10
"","{'seq': 'CAAGGCGGGGACAAAAGTTCTCCCAATTGTGATA', 'spid': 'SP31', 'cov': '2'}",5
"","{'seq': 'TCTTGACTGTGCCGTATTTTTCTCCATTACAACA', 'spid': 'SP211', 'cov': '3'}",7
"","{'seq': 'GACGCTTTTTAACAGCTTCATCTACTTCTTTCTGA', 'spid': 'SP45', 'cov': '2'}",7
"","{'seq': 'CTGCCGCAATTGGAGCTGTTACATTTTTATTAAGT', 'spid': 'SP220', 'cov': '4'}",5
"","{'seq': 'GGAAAAGTAGATACTAACACTCAAGTGGCATTT', 'spid': 'SP42', 'cov': '5'}",9
"","{'seq': 'TCATCAACATCAGGCATCACACCTATTAGGCAG', 'spid': 'SP49', 'cov': '4'}",6
"","{'seq': 'AAAATAGCAACCGGTTTCCCGATAGAGAGAGTC', 'spid': 'SP56', 'cov': '4'}",5
"","{'seq': 'CTGTTCGTTAGATCACTGGATGCACAGAAAGCCAT', 'spid': 'SP60', 'cov': '8'}",12
"","{'seq': 'AGGATGGAACACTGATTGGTCAGCAGATACAGG', 'spid': 'SP63', 'cov': '7'}",8
"","{'seq': 'AGTGACAGCAATCATGGAGATCAACAAGTGTTCC', 'spid': 'SP68', 'cov': '3'}",9
"","{'seq': 'AGATTTTTGATTTTCTGTCTCAGATTGTTAAATAT', 'spid': 'SP87', 'cov': '3'}",4
"","{'seq': 'GTCAGGATGGTCATGCAGACCTGCCTTATGAGA', 'spid': 'SP76', 'cov': '8'}",13
"","{'seq': 'CAGAACCGTTAGATTGTGATTATAGCAGATTCAAT', 'spid': 'SP172', 'cov': '2'}",3
"","{'seq': 'TTTACACTTAACAAAACAAAATGTTTTTATTGCG', 'spid': 'SP81', 'cov': '1'}",3
"","{'seq': 'TAACGGGAGCGGTTACACGCACGATCTGCATGG', 'spid': 'SP95', 'cov': '2'}",5
"","{'seq': 'CGATTATACAGAGTTGTTATACCCTTATATTTAT', 'spid': 'SP98', 'cov': '3'}",4
"","{'seq': 'CGCAAAGGTCCGGGTACGAATTATGCCAAAACCG', 'spid': 'SP106', 'cov': '8'}",13
"","{'seq': 'TAAATACGGCAAAAAAGCTATTTACCATTTAGATG', 'spid': 'SP110', 'cov': '5'}",7
"","{'seq': 'CAATGAGGACATACGGCAAGCGATCCGATTCATT', 'spid': 'SP113', 'cov': '6'}",11
"","{'seq': 'CACATGGGCAATTCCTATATAAAAAATATGGTG', 'spid': 'SP118', 'cov': '3'}",5
"","{'seq': 'AGAGATAACAGCATTGTGTATGACCCATTTGCAG', 'spid': 'SP146', 'cov': '3'}",6
"","{'seq': 'ACAATCAAATTCAATATGTTCCCGGATTGTACCGG', 'spid': 'SP156', 'cov': '4'}",4
"","{'seq': 'GTTCAGTAACTAAGTTTTAGGAGGTAGCAGAGAT', 'spid': 'SP165', 'cov': '4'}",8
"","{'seq': 'AGATGGGGAATGATGAGAAAAAGATATCTGCAG', 'spid': 'SP182', 'cov': '3'}",6
"{'gid': 'G37', 'drseq': 'ATTTCTATCCACGCCCTCCGCGAGGAGGGCGAC'}"
"","{'seq': 'GTGTTACATGACTGGTATTGATCGTATTCGTAA', 'spid': 'SP5', 'cov': '2'}",3
"","{'seq': 'CAGCATCCCGGGACTCGTTGACCATCATTAAACAG', 'spid': 'SP8', 'cov': '2'}",2
"","{'seq': 'TTTGCAGTGCATTGTTGATGGATGCAGCGGAGGTC', 'spid': 'SP70', 'cov': '4'}",7
"","{'seq': 'TTTTCAGTCGCCATAGTAAAATCCTCCATAAAAA', 'spid': 'SP17', 'cov': '1'}",1
"","{'seq': 'TCTCACCGCTTTCTTCAATGACGCCGTCATAACGA', 'spid': 'SP79', 'cov': '1'}",3
"","{'seq': 'TTCGAGCATGATGCGCCCCTCCTTTCGATGTTTA', 'spid': 'SP25', 'cov': '1'}",1
"","{'seq': 'TTCCGTCTGTCCGGCTTCACCAAAGACGAGTTCCT', 'spid': 'SP30', 'cov': '2'}",2
"","{'seq': 'CTTGAACACACTCTAGATCATCTGCATACAGCCCT', 'spid': 'SP33', 'cov': '2'}",5
"","{'seq': 'CTGGTATTGCCAGCACATCCCAACGTACTTGTTTT', 'spid': 'SP38', 'cov': '1'}",3
"","{'seq': 'TAAATGTCTTTTCTTCAACAGGTTCGTGCCAACCAA', 'spid': 'SP353', 'cov': '1'}",2
"","{'seq': 'TCCTGAAAAACGGCTGCGCCTTTGTTTCCATGAAC', 'spid': 'SP47', 'cov': '2'}",2
"","{'seq': 'GGAGGTGCTCGTCCAGAAGCTCGCCGCCTATGA', 'spid': 'SP50', 'cov': '1'}",1
"","{'seq': 'GTGGCCGCTCACTGTGGTATTATTGGATAGCAAAGA', 'spid': 'SP90', 'cov': '1'}",3
"","{'seq': 'GTGCCGCCTCGTGCATCTTTTTCGAGCAGCTTTT', 'spid': 'SP60', 'cov': '1'}",1
"","{'seq': 'CGCTACCCCGAACAGTACGATGCAAGGTTTGAG', 'spid': 'SP66', 'cov': '1'}",2
"","{'seq': 'AGTATGCGGGAGGTCGTGACGCTCAAGGAGTATTAT', 'spid': 'SP314', 'cov': '1'}",2
"","{'seq': 'GTGTACAACGCGCTTCTTCGGCTCATAAACATA', 'spid': 'SP184', 'cov': '2'}",8
"","{'seq': 'CAGTGCTCCCAGAGCAACCGGTTAGGCACGAAAAA', 'spid': 'SP75', 'cov': '1'}",2
"","{'seq': 'CATCAGCATTCCACCCGTATACGCCCGCGGTGTA', 'spid': 'SP83', 'cov': '2'}",2
"","{'seq': 'GGCGTTATCATAATTGTAAGGTGGCGGCAATACT', 'spid': 'SP86', 'cov': '3'}",3
"","{'seq': 'GGTATCATTCGCGGACAGGCTCGGAAAGATTGAT', 'spid': 'SP332', 'cov': '2'}",3
"","{'seq': 'CGTTTCACATGACCAACGACGGTATCATTTACAAC', 'spid': 'SP93', 'cov': '2'}",2
"","{'seq': 'CAAGACCGACATTAACCCCATGTGGCGTATCAA', 'spid': 'SP225', 'cov': '1'}",2
"","{'seq': 'CTTCGCCGTTACTGCAAAAAGACGAAAAGGGAACAA', 'spid': 'SP99', 'cov': '1'}",2
"","{'seq': 'CAGGGCAACACGGCGGCGCTGTCCGTGACCACGAT', 'spid': 'SP104', 'cov': '3'}",6
"","{'seq': 'AGCTGGTATTCGTAGAGCTTGGCGGCGTATTCCC', 'spid': 'SP107', 'cov': '3'}",3
"","{'seq': 'TTGAACAGCCGTACAAAAAGTGTGAGGCTTGCAAG', 'spid': 'SP111', 'cov': '3'}",4
"","{'seq': 'CAAGGCAGCCGGCCAGATCGCCAAGCTCATGCA', 'spid': 'SP115', 'cov': '1'}",1
"","{'seq': 'TTGCTTGTAAAGGAGGTAAACCCATGAAAAACCA', 'spid': 'SP118', 'cov': '1'}",2
"","{'seq': 'AGAACGTCTTGATGAGGGTGTTGGAGACGTAGTC', 'spid': 'SP270', 'cov': '1'}",2
"","{'seq': 'CATCGCAAATAAAGAGCGTCAAGATCTGAACGA', 'spid': 'SP123', 'cov': '1'}",1
"","{'seq': 'AGTGCTCCCAGAGCAGCCGCGACGGTACGAAGAA', 'spid': 'SP126', 'cov': '1'}",1
"","{'seq': 'CCGCGCTCGATCATGCGCTTGCATGTGCGATACA', 'spid': 'SP130', 'cov': '4'}",4
"","{'seq': 'CAGCCAGCGCAGCAGCAACGGTAGCCTCCTTGGA', 'spid': 'SP133', 'cov': '2'}",3
"","{'seq': 'TGCCAGTTATTCGGCAAGCCGCGCTGCCCTGCTG', 'spid': 'SP138', 'cov': '2'}",3
"","{'seq': 'CCCTTCAACTACGAGGGCAAGCTGAGGGATTTTCTG', 'spid': 'SP181', 'cov': '1'}",2
"","{'seq': 'TTTTCGCTGTCCGGCGTCACCTTCGTCCACTTCG', 'spid': 'SP143', 'cov': '1'}",1
"","{'seq': 'CTCTACAAGTGTCGGCTGCGTCACGTTTTGGTTTCT', 'spid': 'SP148', 'cov': '1'}",3
"","{'seq': 'TGCACCGCTGAGCAGCTCGCGCTCAAGGCTATGCA', 'spid': 'SP152', 'cov': '2'}",3
"","{'seq': 'CTACCGGTCGATAAGGAGGAACTCCTATGAAAAAA', 'spid': 'SP155', 'cov': '1'}",1
"","{'seq': 'AATCCATTGTCGAATGAGAGGAGAACGCTATTAT', 'spid': 'SP231', 'cov': '1'}",2
"","{'seq': 'CATGGAACAACCAACCGGACGGAGTAAGTAACAA', 'spid': 'SP161', 'cov': '1'}",1
"","{'seq': 'GGCCTGTGGGTGACGCTTTGCCCATGGTGCCATCA', 'spid': 'SP170', 'cov': '1'}",1
"","{'seq': 'TGCGACATCATCAGCCGCGACGCCTATGCGCGCCT', 'spid': 'SP174', 'cov': '2'}",2
"","{'seq': 'GCGGCTGCGCCCACGGGCTGCCTTTGCGCAAAA', 'spid': 'SP179', 'cov': '1'}",1
"","{'seq': 'CAGATCACAGCAGCGGCCACCGGCACAATGATTTT', 'spid': 'SP187', 'cov': '2'}",3
"","{'seq': 'TCGCACACACAAGATAACGGAACATCACACGGT', 'spid': 'SP300', 'cov': '3'}",5
"","{'seq': 'ACATTCGATATACCAAGATATGTTAAAGCTTCGTT', 'spid': 'SP193', 'cov': '1'}",2
"","{'seq': 'AACGGCCTGTCAGAGCCGGGAAAACCCTTGATGCA', 'spid': 'SP304', 'cov': '1'}",2
"","{'seq': 'CATCTGCCCTCTACTCGGGCCTCACCGCCGACCA', 'spid': 'SP199', 'cov': '1'}",2
"","{'seq': 'CCGAGAAAAAAGTCTGTGCATGACAAAATTACAG', 'spid': 'SP203', 'cov': '1'}",2
"","{'seq': 'TCGGGGGTGTCGTAGTAGATGCGGCAAGGCACGA', 'spid': 'SP206', 'cov': '1'}",1
"","{'seq': 'CGACAAGCGATAGTGATTACCGCGTAGTAAGCCT', 'spid': 'SP210', 'cov': '1'}",1
"","{'seq': 'CACTGCAATTTCCGCTTGTCCGAACAGATGATGTA', 'spid': 'SP215', 'cov': '1'}",1
"","{'seq': 'CTCAAGGGGCAGAAGAAGGTAGTTGGCCGCTATTT', 'spid': 'SP218', 'cov': '1'}",1
"","{'seq': 'GGATACAGAGGACCGGAAACACCGGATGAATAT', 'spid': 'SP255', 'cov': '2'}",3
"","{'seq': 'CTTGTCGTCGTCGATTGCATAGCCGTTCTTAATG', 'spid': 'SP257', 'cov': '3'}",4
"","{'seq': 'TACGGATGCGCCCTTCCCGAGGACCTCGAAAAG', 'spid': 'SP229', 'cov': '1'}",1
"","{'seq': 'GTGGGAGCTGCTGTTCAACCTGTCCGCCAAACA', 'spid': 'SP237', 'cov': '1'}",1
"","{'seq': 'GTCATTCTCCATGAGGCTCAGATTGCCGACGCGCA', 'spid': 'SP244', 'cov': '1'}",1
"","{'seq': 'ACGATCTCCGGGCAGGACAAGGCCCTCGGTCTGAA', 'spid': 'SP247', 'cov': '1'}",1
"","{'seq': 'GGCTTGCGAAAATCATCGGACACGCCCTGAATGCT', 'spid': 'SP262', 'cov': '1'}",1
"","{'seq': 'CGACGTGCCCGCGGTATGTCCATCCATCTTCACG', 'spid': 'SP267', 'cov': '3'}",3
"","{'seq': 'AGGTGCAATTTATCTGTGGTATACTCTTCCACAAT', 'spid': 'SP360', 'cov': '1'}",2
"","{'seq': 'GTACATCCCGCACGGAGCACCGGCAATATAAGCA', 'spid': 'SP276', 'cov': '1'}",1
"","{'seq': 'GCGCTGCTTGCTTGGAGCCACGCCAAGGTACGCC', 'spid': 'SP279', 'cov': '1'}",1
"","{'seq': 'CCTTCCCCGCGCTTCGCGCGCGGCGGGGCGCAGGG', 'spid': 'SP283', 'cov': '1'}",1
"","{'seq': 'AAGAGATCGACTGCACCCTGGAGGCTGCCTCCAT', 'spid': 'SP288', 'cov': '1'}",1
"","{'seq': 'CCCCATAATATGTACGCCATTGCTTGCACTCATTTT', 'spid': 'SP294', 'cov': '1'}",1
"","{'seq': 'CACCCGTCTGCTAAATCAATTTCAAAAAAATTTT', 'spid': 'SP298', 'cov': '1'}",2
"","{'seq': 'GCATACCCCGGCACGAAATGTGTTAACAAACTGT', 'spid': 'SP309', 'cov': '1'}",2
"","{'seq': 'TGCGCGGGGAGATGGGAAACCTGACCCCCGGAACA', 'spid': 'SP320', 'cov': '1'}",1
"","{'seq': 'TCCCGGCTGTCGATGATGCGCTGCACATCCCTGTT', 'spid': 'SP325', 'cov': '1'}",1
"","{'seq': 'CACGCATTTTTTGCGTGGTGACGGCTTTGTTCTG', 'spid': 'SP335', 'cov': '1'}",1
"","{'seq': 'GGGCTGTTCACCGTCCCCTACGAGGCCGTGAAGAT', 'spid': 'SP347', 'cov': '1'}",1
"","{'seq': 'ACTTTACGAAAGAGAGTGCTGAGGCCGAGGCAAAG', 'spid': 'SP356', 'cov': '1'}",1
"{'gid': 'G44', 'drseq': 'ATTTCAACTCACATCCTCACGAAGAGGATGAC'}"
"","{'seq': 'TGATCAAGGTGGTTGTCTTAAACGTACTGTTGGT', 'spid': 'SP5', 'cov': '1'}",3
"","{'seq': 'GGCCTTGCTCAGTGGACACCGGCAACCAACTATAC', 'spid': 'SP33', 'cov': '4'}",6
"","{'seq': 'AGAACATAAATTCTTTTGCTATGCTGAAACAGT', 'spid': 'SP10', 'cov': '4'}",6
"","{'seq': 'GAAGAGAGAGCAGCAAGAATTGAAGCTGAAAAGAC', 'spid': 'SP31', 'cov': '5'}",6
"","{'seq': 'TAGCAGCTGAGCTGATCGCCGCAACCATCAAAATT', 'spid': 'SP15', 'cov': '4'}",7
"","{'seq': 'CACGTTCATAGACTTGATCGGAATGTTCTTCTC', 'spid': 'SP27', 'cov': '1'}",1
"","{'seq': 'GGAAGAATCTATCGTTTATAAATCTCTATTAAA', 'spid': 'SP46', 'cov': '1'}",2
"","{'seq': 'TGCTTAAAAACCTCACGGAGTAGAAAATCAACAAT', 'spid': 'SP62', 'cov': '1'}",1
"","{'seq': 'TGGAACAAAAAGTAAAAGGAGAGTGAACAGAAAC', 'spid': 'SP68', 'cov': '1'}",1
"{'gid': 'G48', 'drseq': 'CTTTTCCCCGCCTACGCGGGGGTGATCCC'}"
"","{'seq': 'GAGGGCATGGCCCCGGACGAGTTCGCGGAGTA', 'spid': 'SP5', 'cov': '6'}",9
"","{'seq': 'CATGAGGCCATTGAACGTCTTACCAGTGTGAC', 'spid': 'SP43', 'cov': '9'}",16
"","{'seq': 'TGTAAACAAAATTACCGAAAGGAGGTTGAAAA', 'spid': 'SP10', 'cov': '3'}",8
"","{'seq': 'CGGGAATCATGCTCAACGTCCTTTGCCTGAAG', 'spid': 'SP57', 'cov': '5'}",8
"","{'seq': 'AGTCCTGCATGGTCAGGCCGGTCTGTCTGAGC', 'spid': 'SP44', 'cov': '5'}",13
"","{'seq': 'TGTCGCGGCTCATCAGCGGCACACAAGCCTTT', 'spid': 'SP50', 'cov': '3'}",6
"{'gid': 'G49', 'drseq': 'AATTTTAGTACCTAAACAAATTACGTGACTGTAAAAC'}"
"","{'seq': 'AAATGTGAATAGTAGCGAAAAGCTATTC', 'spid': 'SP5', 'cov': '5'}",7
"","{'seq': 'CATGGGGAAATGCAGAGGATATGGAAAAA', 'spid': 'SP88', 'cov': '2'}",5
"","{'seq': 'GTATGCCGTAATCAATGAGATTATAACCA', 'spid': 'SP95', 'cov': '2'}",4
"","{'seq': 'CATTTTGACCATCCTGCATCGTTATAAGC', 'spid': 'SP64', 'cov': '3'}",9
"","{'seq': 'AATATCCTAAAGTAACAACAAAGGCAAAG', 'spid': 'SP20', 'cov': '5'}",9
"","{'seq': 'GATACCCAGTTTGTAATCTCATCATCTCC', 'spid': 'SP39', 'cov': '8'}",12
"","{'seq': 'TTGAGCAGGAATCTTATGATGATAACGGA', 'spid': 'SP26', 'cov': '10'}",13
"","{'seq': 'AGATGGGATAGATTCTAACTGTTATATCG', 'spid': 'SP31', 'cov': '6'}",11
"","{'seq': 'CTTGGCAATCAACTTTGCGTTCATCTATC', 'spid': 'SP47', 'cov': '1'}",6
"","{'seq': 'CAATATCCTGATGAAAGAGCTTGCTATC', 'spid': 'SP42', 'cov': '9'}",15
"","{'seq': 'TTTTCAAGGCTTCGTGGCATCGTTCTGTG', 'spid': 'SP57', 'cov': '1'}",1
"","{'seq': 'CGTTTCGGGAGCGTCTACCGTAGTCAGGT', 'spid': 'SP60', 'cov': '1'}",1
"","{'seq': 'CTGTTACTTCCATTATTTTTACCTCTCT', 'spid': 'SP80', 'cov': '2'}",2
"{'gid': 'G50', 'drseq': 'ATTATAACATACCAAGTAATAACCGGGAACTACAGC'}"
"","{'seq': 'TCCTCAAAAGGTTCATTTCATACCGCTGTA', 'spid': 'SP29', 'cov': '2'}",6
"","{'seq': 'ACTTGGACATAACGGAAGTAGATGGTGGTA', 'spid': 'SP6', 'cov': '4'}",6
"","{'seq': 'TACACCTATTTACTTAGGCATGACAATTTC', 'spid': 'SP9', 'cov': '3'}",7
"","{'seq': 'AGTACCAAGACACAACTGTAAACGTACAT', 'spid': 'SP13', 'cov': '3'}",4
"","{'seq': 'ATGACTAAGTTAGTTGGGTACAAAAAAATC', 'spid': 'SP16', 'cov': '5'}",6
"","{'seq': 'TTGTTCACCGCTTGCAAATGTAATTAATCT', 'spid': 'SP25', 'cov': '2'}",3
"","{'seq': 'GTTGCCTGTTTAACTAAACTATTCATAAG', 'spid': 'SP21', 'cov': '4'}",5
"","{'seq': 'AGTTACATATAATGTGATATTATCACAACC', 'spid': 'SP33', 'cov': '3'}",7
"","{'seq': 'TGCGATTGCGTTAGTGTTCATGTGGTGGGG', 'spid': 'SP36', 'cov': '5'}",8
"","{'seq': 'ATAGCAAATCGAAAAATTATTGTATTCCGT', 'spid': 'SP48', 'cov': '2'}",3
"","{'seq': 'CTCTCGACCATTTCATCAAAGAACAGTTGA', 'spid': 'SP46', 'cov': '1'}",2
"","{'seq': 'TGATGGCGTTACAGTAGACATAACACAGGT', 'spid': 'SP54', 'cov': '3'}",4
"","{'seq': 'TTAAATAAAAAATTTAAAGAAAAAGGAGAA', 'spid': 'SP70', 'cov': '1'}",1
"","{'seq': 'TCATGCTTCCGTTCTTTCCCCATCTCTCTG', 'spid': 'SP78', 'cov': '1'}",1
"","{'seq': 'CTGGCCGATAATATTACTTATTATCATTGC', 'spid': 'SP81', 'cov': '1'}",1
"{'gid': 'G55', 'drseq': 'ATTTACATTCCACTATGTATCTATTAAAAC'}"
"","{'seq': 'AAAGAAAAATTGTTAGAACTTGCCACATAATGTT', 'spid': 'SP5', 'cov': '1'}",3
"","{'seq': 'CTATGACCGATGCCGTCCTGCTCATCAAAATAGTT', 'spid': 'SP50', 'cov': '5'}",7
"","{'seq': 'CTGCGGTGCGCATTACACAATCACAATCACTGAC', 'spid': 'SP11', 'cov': '5'}",9
"","{'seq': 'CTATCTGAATTATAGCTTATATAATCATCACTATT', 'spid': 'SP257', 'cov': '1'}",3
"","{'seq': 'TTCTTTACGAGAAATGATTGAACGAATGATTTAGTT', 'spid': 'SP67', 'cov': '2'}",7
"","{'seq': 'ACGCTACTGGTGCTCCCACCAATAGTATTATTGA', 'spid': 'SP17', 'cov': '2'}",4
"","{'seq': 'ATAACTTGTCACAAACAAATAATTGTTCTGCTCTTT', 'spid': 'SP226', 'cov': '1'}",4
"","{'seq': 'TAAGGTTGTCTGGCATACCAACCGCTTGTCTGACTAA', 'spid': 'SP23', 'cov': '6'}",9
"","{'seq': 'AATTGCTTCAATTGCGGATTTAAGTTCGCCACTTTT', 'spid': 'SP27', 'cov': '4'}",6
"","{'seq': 'GTACTCTTATGTACTTTATTACTAATTGAGAACTC', 'spid': 'SP30', 'cov': '3'}",5
"","{'seq': 'TGTGCAAGATAAGTTGCGAAGCTATCCACTGTCAT', 'spid': 'SP36', 'cov': '2'}",2
"","{'seq': 'AGAGCCCGAATTATTACTAAAGGATATTTTAACATA', 'spid': 'SP39', 'cov': '1'}",2
"","{'seq': 'CTCTACCATTGCCGAAATCACCAGCTTCTATTCTGT', 'spid': 'SP248', 'cov': '1'}",5
"","{'seq': 'CAATTTTCGTCCAAGCTTGCGGTTCTCCATTGATGTA', 'spid': 'SP46', 'cov': '5'}",8
"","{'seq': 'GCAGTACTGATGATTACATCAAGCAGCCGGAAGAAA', 'spid': 'SP55', 'cov': '3'}",5
"","{'seq': 'GAGCAATATGAGGAAGTGTCTAAAATTCCAAATGTC', 'spid': 'SP106', 'cov': '2'}",5
"","{'seq': 'TCTTTCCCCGAAACATTCTTATAAGCTGTTTTGTTG', 'spid': 'SP62', 'cov': '1'}",1
"","{'seq': 'TCATATTTTTTTCGCACGCTACTAATGTCACTCAGCT', 'spid': 'SP65', 'cov': '2'}",2
"","{'seq': 'CAGCCTCATCCAATATATCATTATGAAGAACGGAA', 'spid': 'SP71', 'cov': '2'}",4
"","{'seq': 'ACAACAGTATCATCATCAACCTCAATGGTTGCTGTA', 'spid': 'SP168', 'cov': '4'}",6
"","{'seq': 'GATACCTCCTGTTTTTGTTATCATCGTAACATCTTC', 'spid': 'SP160', 'cov': '2'}",7
"","{'seq': 'CATCTTCCTCTATCTCTGGAGGAACTATATTGTCC', 'spid': 'SP241', 'cov': '3'}",7
"","{'seq': 'TACAAGTCAGCTTTCTTATCGCAAAATCTTTGCTAG', 'spid': 'SP127', 'cov': '1'}",2
"","{'seq': 'TATAGACAGCTGTTTTGCAAATGACTATTTCGTGT', 'spid': 'SP90', 'cov': '1'}",1
"","{'seq': 'TGCGTGGTGCGTATACTAATGTTAAAACATCTAA', 'spid': 'SP96', 'cov': '2'}",2
"","{'seq': 'TTTTGGGAATGGATCTCGGCGTGACAACACTTCT', 'spid': 'SP99', 'cov': '1'}",2
"","{'seq': 'TTCTTCAATCTCATTTGCAATGTCATCCGCAATCTT', 'spid': 'SP195', 'cov': '1'}",4
"","{'seq': 'ATTGCTGCTATTACATTCTCAATGCTATAAGCTTC', 'spid': 'SP112', 'cov': '3'}",4
"","{'seq': 'TGAGTAGTTGAACCGAATTTCGGTATCTTTATTTTTC', 'spid': 'SP117', 'cov': '1'}",1
"","{'seq': 'TCCCTGCCATTTCCAAAATCACCAGCTTCTATTCTGT', 'spid': 'SP145', 'cov': '1'}",4
"","{'seq': 'TCTACCATTGCCGAAATCACCAGCTTCTATTCTGT', 'spid': 'SP250', 'cov': '1'}",4
"","{'seq': 'AAAGACACGTTTATCTGTAAGGTCAATCCAAAATT', 'spid': 'SP123', 'cov': '1'}",2
"","{'seq': 'GCATTAGCCATAGAATTTACTGTCTGATTATCTTT', 'spid': 'SP133', 'cov': '1'}",1
"","{'seq': 'CTTTGTTCTCTTTGATGTTTATTTTCATCAAAGCCAT', 'spid': 'SP207', 'cov': '1'}",4
"","{'seq': 'GTAGAAACTACAGGATTTTGCAATAAGTCTGTAGTA', 'spid': 'SP139', 'cov': '1'}",2
"","{'seq': 'CAGATAACGACACCATTGTTTTAGTGTTTTCGTTCAA', 'spid': 'SP149', 'cov': '1'}",1
"","{'seq': 'GAGATTTGACCATCAAAGCCGCACGAATGAGATTAAA', 'spid': 'SP152', 'cov': '2'}",3
"","{'seq': 'AGATTCCTTTTTCACATCTTCAACTTTTCCGACAAC', 'spid': 'SP156', 'cov': '2'}",2
"","{'seq': 'GCTGATCACATTATAGTAATCAACATTAAAAATCAT', 'spid': 'SP164', 'cov': '2'}",3
"","{'seq': 'CAAAGTCCTTAAAGCTTGTTGTGACCTTTGCAAGTTT', 'spid': 'SP229', 'cov': '1'}",2
"","{'seq': 'TACATCCGGCTACAGCGCCTGTGGCAATTTTTACCAA', 'spid': 'SP182', 'cov': '1'}",1
"","{'seq': 'ACAGTCGCATAGCTTCCTGATGCTTTGCTTCCACA', 'spid': 'SP190', 'cov': '1'}",1
"","{'seq': 'AGGGTTGTCGTCCCCCCCTGTGCATGAATTGAGCGT', 'spid': 'SP201', 'cov': '1'}",1
"","{'seq': 'CGAAATCAAGTTCCATTGTCGTTTCTGATTTCATC', 'spid': 'SP204', 'cov': '1'}",1
"","{'seq': 'ATACTGTGCCTTTGTGATTCCGCGGCCGCGTTTC', 'spid': 'SP211', 'cov': '1'}",2
"","{'seq': 'CACATACCGTTGGGATGGTCTAATGGAAAATCATCTTT', 'spid': 'SP217', 'cov': '1'}",1
"","{'seq': 'ATAATAACCCAACAACTATACAGTGTTATAGTGCCAA', 'spid': 'SP224', 'cov': '1'}",1
"","{'seq': 'TGGGACTGACGGAAGATTACTAACGCACCGATTTT', 'spid': 'SP235', 'cov': '1'}",1
"","{'seq': 'ACGAAGCGATCAGCATCGTGGAAAATGCCGGACTGA', 'spid': 'SP262', 'cov': '1'}",1
"","{'seq': 'GCTAATTGCTGTTGCATGTTATTATTCATTCCATA', 'spid': 'SP267', 'cov': '1'}",1
"","{'seq': 'CATATTTTTTTCGTTTGCTACTAATGTCGCTTAACT', 'spid': 'SP272', 'cov': '1'}",1
"{'gid': 'G65', 'drseq': 'ACAGGTTCACCCCCGCTCACGCGGGGAATAC'}"
"","{'seq': 'TCATCCTGAAATACTGTTCTTGCTTCGCTT', 'spid': 'SP6', 'cov': '2'}",2
"","{'seq': 'GATCTGTTAAACTGCACCATGTTAGAAGCA', 'spid': 'SP34', 'cov': '1'}",2
"","{'seq': 'TATTCAAACGATAACAACGCCAACGGGAAT', 'spid': 'SP22', 'cov': '1'}",3
"","{'seq': 'AATCGGGGACTATAGTAGATGATGATGTGA', 'spid': 'SP19', 'cov': '1'}",1
"","{'seq': 'CATTATAAGGTACACTAATGAATACTAAAG', 'spid': 'SP31', 'cov': '1'}",2
"","{'seq': 'AGATTGATCCAGCCAAAGACCAACTTGATC', 'spid': 'SP28', 'cov': '1'}",2
"{'gid': 'G67', 'drseq': 'ATTTCAATCCACGCCTCCGCGAGGGAGGCGAC'}"
"","{'seq': 'CGGCAGGTCATGAGCAGGAGCGTCTTGACCGATG', 'spid': 'SP83', 'cov': '4'}",9
"","{'seq': 'CTTGTCCTTTGGCTTCCCGCCCTTTGCTTTGCT', 'spid': 'SP6', 'cov': '7'}",14
"","{'seq': 'GCCATCCTGCGCGACAAACTCGACTATCTGGGCGAAG', 'spid': 'SP30', 'cov': '5'}",11
"","{'seq': 'CCCATATGATGTGTCTTTGGGATAGTCCATAATG', 'spid': 'SP12', 'cov': '2'}",3
"","{'seq': 'CACAGAAAACGCGATCCTCTATTATATGGAGGAC', 'spid': 'SP15', 'cov': '1'}",3
"","{'seq': 'ATCTCATATCCAGTATGATTCCGATATGATGGC', 'spid': 'SP19', 'cov': '1'}",1
"","{'seq': 'CGGTGCATTTCTGTAAACGCAGAACGCATATTGA', 'spid': 'SP26', 'cov': '3'}",4
"","{'seq': 'GACTTTACCAATGATGTGGCCCAGAGAACACAG', 'spid': 'SP58', 'cov': '2'}",4
"","{'seq': 'GCAGATTTTTGAGCTGGGATACCACTTATCGATAC', 'spid': 'SP60', 'cov': '3'}",5
"","{'seq': 'TTGAGAAATAGCTGTTATCTCCCGTATTGCATC', 'spid': 'SP133', 'cov': '1'}",5
"","{'seq': 'GTTATCGGAGGGTTAATGTACGATACGGATAAAAT', 'spid': 'SP52', 'cov': '2'}",3
"","{'seq': 'TCGAGGTGCAACTTTCCAAGCTGACCACAAAATC', 'spid': 'SP56', 'cov': '3'}",6
"","{'seq': 'GGTATCGAAGAAGCGCTGAATAAAGCGAGACTT', 'spid': 'SP97', 'cov': '1'}",4
"","{'seq': 'TATTGTCTGTGAAATCTGCGGTTCGCATATAACA', 'spid': 'SP67', 'cov': '2'}",2
"","{'seq': 'AGGAATCCATTAAATCACCGCCATAATACCCACTGAT', 'spid': 'SP148', 'cov': '1'}",2
"","{'seq': 'CAAACCGAAGTCAACCGGCCTTTTCACCTACATA', 'spid': 'SP77', 'cov': '4'}",5
"","{'seq': 'CATATTTCCTGTGTGCGTTGCGCTACATCATTGGT', 'spid': 'SP118', 'cov': '3'}",7
"","{'seq': 'CGCAGATACAGCACCGCCGGTACCGGATGCACT', 'spid': 'SP88', 'cov': '1'}",3
"","{'seq': 'ATTTTTAAACGTCATCGGCTCGGTCAGTTTCGAT', 'spid': 'SP91', 'cov': '1'}",1
"","{'seq': 'TAGCATTGCAGTTGACTATATACCTATTGAAAT', 'spid': 'SP142', 'cov': '1'}",1
"","{'seq': 'CACATTGACGAGATAACGCCCGGGTGTGATCTT', 'spid': 'SP145', 'cov': '1'}",1
"{'gid': 'G77', 'drseq': 'AGTTTTAGTACTTTGTAAATTCTTAATGTGATAAAAC'}"
"","{'seq': 'TCGCTTTAGCGATGCTCCTGCAATGTAC', 'spid': 'SP6', 'cov': '6'}",7
"","{'seq': 'ATTCTGCTGCCTATGTCGCTCGCTATATA', 'spid': 'SP91', 'cov': '3'}",10
"","{'seq': 'CTAATTGTGTTTTCGTGAATTGTATGTTC', 'spid': 'SP13', 'cov': '3'}",5
"","{'seq': 'CATCAGGTTTTAATAATTCTTTAACGGCCT', 'spid': 'SP18', 'cov': '1'}",2
"","{'seq': 'GAACGGGGGGACACAGTCTTGCCGCTACC', 'spid': 'SP21', 'cov': '2'}",2
"","{'seq': 'CTACTTTGTCCGGAAACGGAGAAGCGGC', 'spid': 'SP25', 'cov': '5'}",8
"","{'seq': 'GGTCATATCTGCGCTGCCATCCGTCCAAC', 'spid': 'SP28', 'cov': '4'}",8
"","{'seq': 'TGCGGTATTTCAGCCTATTTTGCTTAAAG', 'spid': 'SP34', 'cov': '1'}",1
"","{'seq': 'AACCATTGTATTTATTTGAAAGACCCTT', 'spid': 'SP59', 'cov': '1'}",2
"","{'seq': 'CCATTATCAGAGTTACCAGTAGCAGTAAC', 'spid': 'SP39', 'cov': '2'}",2
"","{'seq': 'TATTATCCATGATAGGCTTAATAGGAGTA', 'spid': 'SP105', 'cov': '1'}",3
"","{'seq': 'ACAGCACCTGTAGCAGTAACTAAATTAGG', 'spid': 'SP44', 'cov': '2'}",5
"","{'seq': 'CTAACTTCCGCAGTCCATTTTAACACTT', 'spid': 'SP54', 'cov': '1'}",1
"","{'seq': 'AAACCGCCTTGTAATAATTAGTTGCCCCT', 'spid': 'SP101', 'cov': '1'}",3
"","{'seq': 'CTATATTGTTTTTGTTGGTGTTTGCATTG', 'spid': 'SP63', 'cov': '1'}",2
"","{'seq': 'ATGTAACACAGCAGCGGCAACATTTATCT', 'spid': 'SP67', 'cov': '1'}",2
"","{'seq': 'AGTTCCTCTTCCCAATCTTTACCCTTTTT', 'spid': 'SP84', 'cov': '1'}",4
"","{'seq': 'ACTTACTTGATGTAACTGGCGTAGGTGA', 'spid': 'SP75', 'cov': '1'}",2
"","{'seq': 'TATTTTTAAGGTTTACACTTTTGAAAGGA', 'spid': 'SP80', 'cov': '1'}",1
"{'gid': 'G79', 'drseq': 'GTTTGAGAGCTTTGCTAATTCAAAAAGATACAAAAC'}"
"","{'seq': 'ACCGCAACTGATAATTATAATCAGGCTAAA', 'spid': 'SP5', 'cov': '3'}",4
"","{'seq': 'CTTGCAACTTCTGTTCCAACAGCACAAGCA', 'spid': 'SP9', 'cov': '1'}",2
"","{'seq': 'TTGTTGGATTGATTACAGGTCTGATAGCGG', 'spid': 'SP13', 'cov': '3'}",5
"","{'seq': 'CACAGACAGTTCATTCATTCCAAGTTCTTC', 'spid': 'SP42', 'cov': '2'}",6
"","{'seq': 'ATAAAAGATCCTCTGGACACTGTGACAGCA', 'spid': 'SP21', 'cov': '2'}",5
"","{'seq': 'CCACATGTAGACAACACCATCTGCATATGA', 'spid': 'SP57', 'cov': '2'}",7
"","{'seq': 'ATATAGTGATTATGCTGAATGAAAAGTAT', 'spid': 'SP26', 'cov': '4'}",6
"","{'seq': 'TTTTAAGGAAGTCAACACTTGGTTTAGTT', 'spid': 'SP60', 'cov': '2'}",3
"","{'seq': 'TAGATAATGGTGCAAATTGCGCTGAAATT', 'spid': 'SP34', 'cov': '3'}",5
"","{'seq': 'GTTCTGATCGGACATTCCGACGGCGAAGGA', 'spid': 'SP70', 'cov': '1'}",4
"","{'seq': 'CAAGCGAAGCTTCAAGGCAGCACAGGGAGA', 'spid': 'SP48', 'cov': '1'}",1
"","{'seq': 'TGCCGAAAGAAGCTGCACGTATCTGGCTT', 'spid': 'SP51', 'cov': '1'}",1
"","{'seq': 'TCCTCCTTTCGCCACTAGGACGATTCTGTT', 'spid': 'SP65', 'cov': '1'}",1
"{'gid': 'G81', 'drseq': 'GCTGTTTCCAATGGCTCAAAGTTACTAAAATGAAAGCAAATCACAAC'}"
"","{'seq': 'ACTCTTTTGTTGATTTGCTTCCAGTACCT', 'spid': 'SP5', 'cov': '7'}",8
"","{'seq': 'CCCTACCCATTGCCAAGAAAAACCAACGGT', 'spid': 'SP8', 'cov': '5'}",8
"","{'seq': 'TTCGTAAAAATACATCTCTTCATATGCTTA', 'spid': 'SP12', 'cov': '7'}",10
"","{'seq': 'GGGGCTATGCACCGGGTGAAGCCTCTATGC', 'spid': 'SP15', 'cov': '12'}",16
"","{'seq': 'AAACTCTATAGGCTCGTTATATCCAAAACG', 'spid': 'SP31', 'cov': '4'}",6
"","{'seq': 'ACATTAAAGTATCAAAGGAAGTCGTTCCCG', 'spid': 'SP20', 'cov': '3'}",5
"","{'seq': 'CACGATATTTAACATATTGATATAAGCATA', 'spid': 'SP24', 'cov': '5'}",8
"","{'seq': 'CACCAGCGCTAACCACCTTAATAGGGCTA', 'spid': 'SP29', 'cov': '4'}",5
"","{'seq': 'CAGAACTTGTTTTCTTCTTCTCAGTGCTTG', 'spid': 'SP35', 'cov': '3'}",8
"","{'seq': 'TATGAATAAGGTGGAAATTTTTTACAAAAA', 'spid': 'SP38', 'cov': '3'}",3
"","{'seq': 'CGTGAGGCGGTCTATCTCCCGTCTTGCGGG', 'spid': 'SP42', 'cov': '1'}",6
"","{'seq': 'CGTGAGGCGGTCTATCTCCCGTCTTGCGGA', 'spid': 'SP49', 'cov': '3'}",7
"","{'seq': 'TTTATGGGAAGAGCCTAGTATTGCTATATC', 'spid': 'SP53', 'cov': '4'}",6
"","{'seq': 'TACAATAAGGTAGAACGTTTACAATCCCCG', 'spid': 'SP57', 'cov': '8'}",9
"","{'seq': 'ACCAATAGCGTTAAAGGTTTCTTGAAGCAA', 'spid': 'SP81', 'cov': '2'}",2
"{'gid': 'G92', 'drseq': 'ATTTAAATACATCCTATGTTATGGTTCATC'}"
"","{'seq': 'CGTATAGTCATCGATTTTCAGCCAGCTTTGGAC', 'spid': 'SP5', 'cov': '1'}",5
"","{'seq': 'ACAAAATCGTTTTCTATCCCCGGGACCTCGTATTCA', 'spid': 'SP24', 'cov': '2'}",3
"","{'seq': 'GGCGGATTATCATGCCGCATTGTGTAAAAATCTGG', 'spid': 'SP11', 'cov': '1'}",1
"","{'seq': 'TGCTTCGTCATCATATTCACAAGTTCTTATAACA', 'spid': 'SP17', 'cov': '1'}",2
"","{'seq': 'AGGCGGCGGAAAGGAAGAAGAAGCAATGAAAGATA', 'spid': 'SP21', 'cov': '1'}",2
"","{'seq': 'CTGGTAGAAATTCCACGATTTCGTTTCGTTAGCGT', 'spid': 'SP30', 'cov': '2'}",2
"","{'seq': 'GCGCTAATCTGTGCAGGCAAAACGCCGTCTGAGAC', 'spid': 'SP33', 'cov': '2'}",2
"","{'seq': 'TTTTGTCTGATCGCCTCCGCAATAGCTGTCAGAGT', 'spid': 'SP39', 'cov': '2'}",2
"","{'seq': 'CATCTGGGATTCTGCAATCCATAAGGCTGTTTTGC', 'spid': 'SP71', 'cov': '1'}",2
"","{'seq': 'CTTTTTTTCTCCCTGTCCTGTTAAAATCCATCGTTC', 'spid': 'SP45', 'cov': '1'}",2
"","{'seq': 'TTTTTCACATCACATTTTATAATTGCAACACTTCG', 'spid': 'SP54', 'cov': '1'}",2
"","{'seq': 'AGAATGTTCCACAGGAAGTTGATCTTGACAAATA', 'spid': 'SP89', 'cov': '1'}",3
"","{'seq': 'AAATGATATGCTGCAGACTTACCGCAGAGGAATA', 'spid': 'SP61', 'cov': '2'}",3
"","{'seq': 'AAATTGTGATCGATCTTGATGGTCGCAGGTATTC', 'spid': 'SP79', 'cov': '1'}",1
"","{'seq': 'ATTTCCAGATTCGCTTGACATCATGCTTGGATATAA', 'spid': 'SP84', 'cov': '2'}",2
"","{'seq': 'TCTGCTTCTACATACACAACCATGTAGTTTTCAA', 'spid': 'SP93', 'cov': '1'}",1
"{'gid': 'G113', 'drseq': 'CTTTTCCCCGCCCATGCGGGGGTGATCC'}"
"","{'seq': 'CTACCCCCGTATTATCCGCAAGAAGGGTCTGAC', 'spid': 'SP56', 'cov': '2'}",9
"","{'seq': 'TGGTACGGGTGGAAAGGCTCTTGAATCCTACCG', 'spid': 'SP6', 'cov': '11'}",12
"","{'seq': 'GAAGTTGCCCACACCCATGGACGGTTCCAGAAT', 'spid': 'SP9', 'cov': '3'}",9
"","{'seq': 'CAAGCGGAAATCTATCCGCTCACAGGTGAGTAA', 'spid': 'SP18', 'cov': '3'}",5
"","{'seq': 'TGAATCGGAACTGCCGCCGTAAAACAGAAAAGG', 'spid': 'SP14', 'cov': '3'}",4
"","{'seq': 'CATGTGTCCATCATGCTTAAAGCCTTTGATTTG', 'spid': 'SP23', 'cov': '2'}",4
"","{'seq': 'TGCTTTTTCCCCTCCCCTTTCCAAGCAGTTTTT', 'spid': 'SP94', 'cov': '1'}",2
"","{'seq': 'TCCCACACCCACCCGCACACCGGTGGTGAATCA', 'spid': 'SP29', 'cov': '4'}",6
"","{'seq': 'CACGGTGCTGGGGATAAAGATGCGGGTCCGCCG', 'spid': 'SP194', 'cov': '3'}",5
"","{'seq': 'CTTCATCAGCAGAGACTTCGGAAAGGTGAGTGA', 'spid': 'SP60', 'cov': '1'}",2
"","{'seq': 'CTACTCCTATGCACAGAGCTGCTCGAAGCACTG', 'spid': 'SP35', 'cov': '2'}",4
"","{'seq': 'CTACCAGCAGCCCGGCTCTGCCATTGACTACCC', 'spid': 'SP47', 'cov': '5'}",12
"","{'seq': 'TGCGTAAAGTATAACAAAAGCGACTGTGTAAGA', 'spid': 'SP51', 'cov': '1'}",1
"","{'seq': 'GTCCACTTACGCGGTTCGGCTTCATTCTGTATT', 'spid': 'SP64', 'cov': '3'}",3
"","{'seq': 'CGGATATTTCACATCACCAGAGATGGAAAACAT', 'spid': 'SP79', 'cov': '2'}",2
"","{'seq': 'TTTTCCTGCCCTTGCCGGTTTCATTGCATACAG', 'spid': 'SP84', 'cov': '1'}",1
"","{'seq': 'CAAACTTCGTTCGTCTGATACCCGGTATTCGCGG', 'spid': 'SP100', 'cov': '1'}",1
"","{'seq': 'TAGCACAATGGGAAGAAAAAAGCAAGCCACGGG', 'spid': 'SP220', 'cov': '1'}",3
"","{'seq': 'CGATGCGGTCGATGCGGGGGAGAGACGGGTCGG', 'spid': 'SP200', 'cov': '1'}",8
"","{'seq': 'TGGAAAAAACGCTCATGTGGAGACCTCCAAATC', 'spid': 'SP131', 'cov': '3'}",4
"","{'seq': 'CTGAGCTAAACCTGCATAATAGAGGTCTGGTTT', 'spid': 'SP135', 'cov': '2'}",2
"","{'seq': 'CGGTAAACATATTTCCGGTAAAAGATTTTCCGC', 'spid': 'SP141', 'cov': '1'}",1
"","{'seq': 'CTATGCGGCCAATATTCCGGAATGGAAGCTGGC', 'spid': 'SP147', 'cov': '1'}",1
"","{'seq': 'CTCCGAGGAGATCCCAGCAGGCAGCACCTGCGA', 'spid': 'SP150', 'cov': '1'}",1
"","{'seq': 'TAACCCCCGGCGCAATGACGAGGCCGCAAAGGA', 'spid': 'SP182', 'cov': '1'}",8
"","{'seq': 'CCGGGGCATGGAGGAACCCCGCTCCGCATAGAG', 'spid': 'SP160', 'cov': '1'}",1
"","{'seq': 'CGTCATTGTGAGAATGCTGGCGTTCCCATTATA', 'spid': 'SP169', 'cov': '1'}",1
"","{'seq': 'TAAGAACATTGGCCAGTTCAGTGATGATGGTAT', 'spid': 'SP174', 'cov': '1'}",1
"","{'seq': 'CTACAAGGGCTACCACATCGCAAATTTCAACGA', 'spid': 'SP203', 'cov': '2'}",6
"","{'seq': 'CCCGGTAGCCATGCACAGCTGCACAATGACGCG', 'spid': 'SP225', 'cov': '1'}",1
"","{'seq': 'CTCTTTTCCTGTGAAATGTTCTGCACCTAGTAG', 'spid': 'SP232', 'cov': '1'}",1
"{'gid': 'G116', 'drseq': 'AAATTTCAATCCACACTCCCACGAAGGGAGTGAC'}"
"","{'seq': 'TCGGTTGCATCTATGTCTTTTGCTTCTTTTCCA', 'spid': 'SP5', 'cov': '3'}",4
"","{'seq': 'ATTTAAAGCCGTATCACCTTTGTTTCCAGTAAA', 'spid': 'SP37', 'cov': '2'}",5
"","{'seq': 'GATCTTTAACAGCCTCTCATAACTATTCACTA', 'spid': 'SP16', 'cov': '3'}",6
"","{'seq': 'TCGATCGCGGAAATAGGCACATCTTCGAAGAC', 'spid': 'SP12', 'cov': '3'}",4
"","{'seq': 'CACAGATGATGTATTTACAGTTTCTGCATAT', 'spid': 'SP19', 'cov': '2'}",4
"","{'seq': 'GACATCATTTTCAGCCTGTTCCCGATCATACACA', 'spid': 'SP25', 'cov': '4'}",6
"","{'seq': 'ATCTTTTGCTTCTTTGATTTGTGATTGCAGGG', 'spid': 'SP54', 'cov': '2'}",5
"","{'seq': 'CAAATAAGCTGTAAAATCATGATGTCTCCCTC', 'spid': 'SP47', 'cov': '2'}",3
"","{'seq': 'TTGCGTTAACAAAGTTACAACCAATACAGTCG', 'spid': 'SP44', 'cov': '2'}",2
"","{'seq': 'TTCCGTCAATTTCAATAATATATGGCATATTAG', 'spid': 'SP50', 'cov': '1'}",2
"{'gid': 'G130', 'drseq': 'AGTTTTACACCATTACAAACTTACAAGGTTCTCAAAC'}"
"","{'seq': 'CGTGGCAATAATCTGTCCAATTCTCGTT', 'spid': 'SP5', 'cov': '1'}",1
"","{'seq': 'CAGATGATAAAACACCTAACGACATAGC', 'spid': 'SP10', 'cov': '1'}",1
"","{'seq': 'TTTGAGGACACACAGCATGGTAAAGATC', 'spid': 'SP15', 'cov': '2'}",3
"","{'seq': 'CAACCATGGGTCAAACTCCGGAAGAAAAA', 'spid': 'SP27', 'cov': '1'}",1
"","{'seq': 'TTGCCATCTTATTTACAGATGTCTTCTGC', 'spid': 'SP31', 'cov': '1'}",1
"","{'seq': 'AGGCTTGATATTGATAGCCGGGCTGTCGA', 'spid': 'SP38', 'cov': '1'}",1
"{'gid': 'G134', 'drseq': 'GTTTGAGCACCATACATTTCTACATCATTCTCAAACA'}"
"","{'seq': 'TCGGATTATAATCTAATGTAGTAGTGTTA', 'spid': 'SP39', 'cov': '4'}",5
"","{'seq': 'CAAACTTAGGAAAGTACAACGAAGGCGAA', 'spid': 'SP12', 'cov': '2'}",4
"","{'seq': 'GCGGGGCTGTGGTATTCCCTATCGTCTGC', 'spid': 'SP25', 'cov': '3'}",4
"","{'seq': 'ATATTATTATATATCCATTCTACGCTTGG', 'spid': 'SP21', 'cov': '1'}",1
"","{'seq': 'TTACTTTTTGACTTAATTTACCTGCCCA', 'spid': 'SP32', 'cov': '1'}",1
"","{'seq': 'CGTGCACGTCAAAGACAGAGACCGTGCA', 'spid': 'SP37', 'cov': '2'}",3
"","{'seq': 'TTGCTCTACTTTGTAAAGAAGTAGGTTCT', 'spid': 'SP48', 'cov': '1'}",1
"","{'seq': 'CATGGCGGAAGCGTGACCAAAATTAGTAA', 'spid': 'SP51', 'cov': '1'}",1
"","{'seq': 'GTGCATGGCTTGCTTTCTGCCGTTCCTCT', 'spid': 'SP60', 'cov': '1'}",1
"","{'seq': 'CTGCAGTATGAGCTTCGGCTTGCCGATCA', 'spid': 'SP67', 'cov': '1'}",2
"{'gid': 'G156', 'drseq': 'ATTTCAATCCACGCTCCCACAAGGGGAGCGAC'}"
"","{'seq': 'GCGCCGGATCCGGCTCCTATTTCCCCTCATTATCA', 'spid': 'SP15', 'cov': '1'}",2
"","{'seq': 'TGCATTCCTGTTATCCGGACGGCCAGGTGAAAGGG', 'spid': 'SP6', 'cov': '1'}",1
"","{'seq': 'ATGTTTTTCGATTCCAGGGAGTTAAATTCCAGAT', 'spid': 'SP9', 'cov': '1'}",1
"","{'seq': 'TGTTCGCGGTTGTGAAGGTTATGTTGTCACACAA', 'spid': 'SP36', 'cov': '1'}",2
"","{'seq': 'GAGGGGCAAATATGAGGAGCTATATAGCTATCTT', 'spid': 'SP20', 'cov': '1'}",1
"","{'seq': 'TTTTGGTGACCCTGCGAGCAATAGAAAAGCAATT', 'spid': 'SP23', 'cov': '1'}",1
"","{'seq': 'GGATCCGAGTCTCCGTATACGGATGACCCATCCA', 'spid': 'SP27', 'cov': '1'}",1
"","{'seq': 'ACGGCACGATAAGAGAGACTATGAGGCTATGCAG', 'spid': 'SP34', 'cov': '1'}",1
"","{'seq': 'TAAATCTCCACCTTTCCTTTAAATGCCATACCAAG', 'spid': 'SP40', 'cov': '2'}",2
"","{'seq': 'GGTATCATAACTGTCATACAGATCGGGAGAGTG', 'spid': 'SP75', 'cov': '1'}",2
"","{'seq': 'CTATTCAGTCCCCGAAGATTTTCAAAGTATTCAAG', 'spid': 'SP45', 'cov': '1'}",1
"","{'seq': 'GCTCACCCTTTCACCTCCCCATATTTGTTCTGGT', 'spid': 'SP51', 'cov': '1'}",1
"","{'seq': 'GTAAGATCGGCTGATCCAGGATCCAGGTAAGAA', 'spid': 'SP57', 'cov': '1'}",1
"","{'seq': 'TCTTCTTATCCCGGGGTTTATGACGGCAGCATG', 'spid': 'SP60', 'cov': '1'}",1
"","{'seq': 'TCGTGATGGTCCATTTTTAGTATATCGTTAAAATC', 'spid': 'SP65', 'cov': '1'}",1
"","{'seq': 'GAAGGATCCGAAGACGCAGGGGTAAAGTTAAGA', 'spid': 'SP81', 'cov': '1'}",1
"","{'seq': 'AATGTCAAAACGGTTCCTTCCTGGCTCCACCGGT', 'spid': 'SP86', 'cov': '1'}",1
"{'gid': 'G162', 'drseq': 'ATTTCAATCCACGCACCCCTCACGGGGTGCGACGA'}"
"","{'seq': 'TTCCCGCAAATAAGTATATACGTCCGTATTGG', 'spid': 'SP5', 'cov': '1'}",1
"","{'seq': 'CGAATTTTATATACTAACTCTTTATTGCTCC', 'spid': 'SP8', 'cov': '1'}",1
"","{'seq': 'AATCTATCATCCCCAATGTGGCAGTAATCCCG', 'spid': 'SP13', 'cov': '2'}",2
"","{'seq': 'CCGCCAGCAAAATGCACAAGCCGGTGAGGCTGT', 'spid': 'SP19', 'cov': '1'}",1
"","{'seq': 'TGGCAGCTATTATCCGTCCATGCTGATTGCGTG', 'spid': 'SP22', 'cov': '1'}",1
"","{'seq': 'CTCCACCATCCGAACGGTAAAGTGATATTTTC', 'spid': 'SP32', 'cov': '1'}",1
"{'gid': 'G179', 'drseq': 'GTCGACCTCCACGAGAGGTCGTGAGTTGAAAAA'}"
"","{'seq': 'ATTCAGCCGCCCGGCAATGAATATTCACCGTA', 'spid': 'SP16', 'cov': '1'}",3
"","{'seq': 'TTCAAAGGCTTTACGTTCATACCAATTATCCCTT', 'spid': 'SP6', 'cov': '1'}",1
"","{'seq': 'ACAATAAAATACCGCTAAGCAATGCTGCTGCAAT', 'spid': 'SP9', 'cov': '3'}",3
"","{'seq': 'CCTATGCCGATTTATTAATCTGCTGTGCCATCG', 'spid': 'SP14', 'cov': '2'}",2
"","{'seq': 'ATACCGTCTGTGTAATGCTCACAATGGAGCTG', 'spid': 'SP23', 'cov': '2'}",3
"","{'seq': 'TGGATAAAATTATGTCAAAGGCACAGCGTAAAA', 'spid': 'SP29', 'cov': '2'}",4
"","{'seq': 'TTAAATCATCTGTGTGTAGGGTCGTAATGCCT', 'spid': 'SP32', 'cov': '2'}",4
"","{'seq': 'TGATTACCAATGGTGCATTGCGTGAAGTTGGTAC', 'spid': 'SP41', 'cov': '3'}",4
"","{'seq': 'TTATCAAATCTTATCAGTCAATGGACAAAGATC', 'spid': 'SP50', 'cov': '1'}",1
"{'gid': 'G181', 'drseq': 'GCTGTATTTAATATGTCAAAGATACAAATTTGAAAGCGAATCACAAC'}"
"","{'seq': 'GTTATACTTCCATTGTTCTTCCATAGCTCT', 'spid': 'SP6', 'cov': '2'}",2
"","{'seq': 'TAATATTCTACTCCATCGACAGGACTGGAC', 'spid': 'SP18', 'cov': '1'}",1
"","{'seq': 'TGATAGTTGGAATCATTGTGATGTGTAATT', 'spid': 'SP21', 'cov': '1'}",1
"","{'seq': 'AAATCATTTTACAAACCCATATCGAGATTA', 'spid': 'SP29', 'cov': '1'}",1
"","{'seq': 'TCTCTTTGAGGTATAACCATTAAGGCTATA', 'spid': 'SP32', 'cov': '1'}",1
"{'gid': 'G186', 'drseq': 'ATGTTTTAGAGCTGTGTTGTTTCGAATGGTTCCAAAAC'}"
"","{'seq': 'TTTTGCTAGGATATGTCCGAACGTCGAT', 'spid': 'SP22', 'cov': '1'}",2
"","{'seq': 'AAGCTAAGTAAGCTATATTTTGACCGTT', 'spid': 'SP6', 'cov': '3'}",7
"","{'seq': 'CTCAATCTAATAAATGGATTCGGAAAGA', 'spid': 'SP10', 'cov': '1'}",3
"","{'seq': 'CTAGAGGTGACCAAGGTGTACCTGGACCT', 'spid': 'SP13', 'cov': '1'}",1
"","{'seq': 'CACACTTGCACAAGTATGTTTCAATCTT', 'spid': 'SP17', 'cov': '2'}",2
"","{'seq': 'TAAAACGCCCGTAGCACGATTTTATTGC', 'spid': 'SP51', 'cov': '2'}",3
"","{'seq': 'TTAGGGCATCTGACTGCAAAAGGTAAGTT', 'spid': 'SP27', 'cov': '1'}",1
"","{'seq': 'CTTGGCACGGGATATACCACTATTGGTG', 'spid': 'SP30', 'cov': '1'}",1
"","{'seq': 'AACGGCCTATGCTTAATAAAACAACTTA', 'spid': 'SP36', 'cov': '1'}",1
"","{'seq': 'TTCTCTCAAAGTGTTGAGAAGTCCCTTT', 'spid': 'SP42', 'cov': '1'}",1
"","{'seq': 'CAAGGTATACGGCATCCCTGATAACGTA', 'spid': 'SP47', 'cov': '1'}",1
"","{'seq': 'CTTAGCCTTGAAATGGCACGTAGTGAACT', 'spid': 'SP56', 'cov': '4'}",4
"","{'seq': 'CGTTAGCAGTTTCAATCCGTAGCCACAC', 'spid': 'SP65', 'cov': '2'}",2
"","{'seq': 'GATTCTCTACAAATACAATGTCGCCTCT', 'spid': 'SP71', 'cov': '2'}",3
"{'gid': 'G193', 'drseq': 'GCAATTTCAATCCACGCTCCCCTCACAGGGAGCGAC'}"
"","{'seq': 'ATGTGCCAGCCGGATATGTAAAAACATTTCGT', 'spid': 'SP5', 'cov': '2'}",2
"","{'seq': 'GAACTGGGAGAGCGTCCATGCCCACGGTACAT', 'spid': 'SP8', 'cov': '1'}",2
"","{'seq': 'TGTGCGTCCGGCTTGCCCTTATTGATCTACAA', 'spid': 'SP12', 'cov': '1'}",1
"","{'seq': 'ATGTTTTTACTCTCCAACGAGTTAAACTCCA', 'spid': 'SP36', 'cov': '1'}",1
"","{'seq': 'GATAGAAATATAACAGATATGTGCAAGGTATC', 'spid': 'SP41', 'cov': '1'}",1
"{'gid': 'G209', 'drseq': 'ATTTCAATCCACGCACCGCGTGAGCAATGCGACG'}"
"","{'seq': 'TCATGATAATTAGTTCTCCTTTTCATCCATTTGC', 'spid': 'SP5', 'cov': '1'}",1
"","{'seq': 'TCTGCGCCTATCCGTCTAAGATTGTATGTGATG', 'spid': 'SP8', 'cov': '1'}",1
"","{'seq': 'GTACTATGTATGCGGTTTGCCTACTGCACGAAG', 'spid': 'SP12', 'cov': '1'}",1
"","{'seq': 'CATGTATAGTCGCAACGATAAAAACAATCTAG', 'spid': 'SP15', 'cov': '1'}",1
"{'gid': 'G214', 'drseq': 'CGTCGCTCCCCGCAAGGGGAGCGTGGGTTGAAAC'}"
"","{'seq': 'GGAGAAGGGGGTGCGGGGTGCGATGGCTAGCCT', 'spid': 'SP5', 'cov': '2'}",2
"","{'seq': 'TGGGCCACGTAGGTGACGACGCTCTCGCCGTGCT', 'spid': 'SP10', 'cov': '1'}",1
"","{'seq': 'AAAATGCCCTCGCAGTACTCGCACATGGCTA', 'spid': 'SP42', 'cov': '1'}",2
"","{'seq': 'TGGCTGTGGCTGTCCACCTGGGCCGTGTTCGTG', 'spid': 'SP18', 'cov': '1'}",1
"","{'seq': 'GAGGCGTGGGACGCCTGGGCCGCCCGCGACGCGG', 'spid': 'SP24', 'cov': '1'}",1
"","{'seq': 'GCGACATCGCCCTACTGGACGGGCGCGGGGAC', 'spid': 'SP27', 'cov': '1'}",1
"","{'seq': 'ATTTTAGCTGGGTCGCAGTCGGGGCTTAGCCTTA', 'spid': 'SP32', 'cov': '1'}",1
"","{'seq': 'ATTGTGATGCGTGGCAGCTTGTGCTGTCGTAT', 'spid': 'SP38', 'cov': '1'}",1
"","{'seq': 'GTAGCCGTCCACGGTGTTGGTGCGCCTACGCTG', 'spid': 'SP45', 'cov': '1'}",1
"","{'seq': 'ACGATGGCCATGGAGTTCGCGGCGCTCGACTT', 'spid': 'SP54', 'cov': '1'}",1
"","{'seq': 'CCCGACGAGCTCAAGGTGGACAGGCGCACGTTCG', 'spid': 'SP57', 'cov': '1'}",1
"{'gid': 'G216', 'drseq': 'GTATTAATAGAATCAGATTGGAATTTAAAGCA'}"
"","{'seq': 'TACAATGTACACGGCCACGTTACCGTCTGTAC', 'spid': 'SP6', 'cov': '1'}",1
"","{'seq': 'ATCTGTACGCCAATTCGATGTAAGCATTGTACAT', 'spid': 'SP12', 'cov': '1'}",2
"","{'seq': 'TAAGCAACAGCGTCTTTCTGTTCTTCTGTCATAGC', 'spid': 'SP18', 'cov': '1'}",2
"","{'seq': 'GCTAACGGCCCATGCACAGTCATTTCTGCACTCA', 'spid': 'SP23', 'cov': '1'}",1
"","{'seq': 'CATCTGCGGTGTGACATAAGGCACATAATTTTGC', 'spid': 'SP27', 'cov': '1'}",1
"","{'seq': 'GTTATAGCCATAGCAAGCAATAGCACCTAATTT', 'spid': 'SP30', 'cov': '1'}",1
"","{'seq': 'AGAAGACATTGACAAGAATCTTCCAACGCTACG', 'spid': 'SP35', 'cov': '1'}",1
"","{'seq': 'ATTTGAATTGTGGTCGCGAACTTTGCCGCGATG', 'spid': 'SP38', 'cov': '1'}",1
"{'gid': 'G220', 'drseq': 'GTTTCTTACCCATCATAATTTACAAGGTTCTCAAAC'}"
"","{'seq': 'AATAATTGAGGTGTTTTAGTTTCATCCGG', 'spid': 'SP5', 'cov': '1'}",2
"","{'seq': 'CCTCCGGCATTATAGCCAACAAAAAAGAG', 'spid': 'SP8', 'cov': '2'}",2
"","{'seq': 'TGTGTGGGGGCTGGTAAAAACTGAAAATGA', 'spid': 'SP14', 'cov': '2'}",2
"","{'seq': 'GCTTTCGGCGAATCGAAAAATAATTGATT', 'spid': 'SP20', 'cov': '1'}",1
"{'gid': 'G262', 'drseq': 'GTTTTAGGAGTATGTTATTTTGAATGGTAACAAAAC'}"
"","{'seq': 'TTCAATCTTGAATCTGTCGCGTGTATCTTT', 'spid': 'SP10', 'cov': '4'}",5
"","{'seq': 'AATGCCCGGATGAGCTCCGCATTCTTGATG', 'spid': 'SP6', 'cov': '5'}",7
"","{'seq': 'TTATTAACATATGTTATATCAACAGTATT', 'spid': 'SP74', 'cov': '2'}",6
"","{'seq': 'TTCAACTGTCTGCTTCAGGATGCATTGAAC', 'spid': 'SP14', 'cov': '5'}",6
"","{'seq': 'TAATTACACTTGTGCCTTTACAGGACTTAT', 'spid': 'SP17', 'cov': '5'}",9
"","{'seq': 'ACAAGAAGCTGAATTTAAAGAAGATGCGAG', 'spid': 'SP21', 'cov': '5'}",5
"","{'seq': 'AGATAAGCAACCATTTTACGCTGATAGCTC', 'spid': 'SP25', 'cov': '3'}",5
"","{'seq': 'CGCTTGAAGGCGGACTCGGTCAGAGACCTT', 'spid': 'SP33', 'cov': '2'}",2
"","{'seq': 'TTAGCGTGCAAGCATTGCCGTAAATGGATA', 'spid': 'SP37', 'cov': '3'}",4
"","{'seq': 'CGAAATGCAGTTCAATGTTGAGAGCGGTAA', 'spid': 'SP44', 'cov': '2'}",6
"","{'seq': 'CAAAGTTGAAGCAGCCTGAAATGAAATCTC', 'spid': 'SP53', 'cov': '1'}",1
"","{'seq': 'AGATGATAATAAAGTTACAAGAGTTCAAAT', 'spid': 'SP61', 'cov': '1'}",1
"","{'seq': 'TCGGAACAGGTGTTTCATACGTTATTGCCC', 'spid': 'SP64', 'cov': '1'}",1
"","{'seq': 'AAATAAAGCGTATGCATGAATTCTTTTTAA', 'spid': 'SP68', 'cov': '1'}",1
"{'gid': 'G268', 'drseq': 'GTACCATCCCCGTAAGGGGGCGAAAAC'}"
"","{'seq': 'AGAAAAACGTTTTGATTGCTCTGCGGGATAACA', 'spid': 'SP6', 'cov': '1'}",2
"","{'seq': 'ACAGCGCTGCTTTTGAGGAACTTCTTCGTGCTG', 'spid': 'SP15', 'cov': '4'}",7
"","{'seq': 'CGCATCGCATCGTAGAACATCTTAGCGATGAAA', 'spid': 'SP12', 'cov': '3'}",6
"","{'seq': 'TCAAACTTGCAGCTATCCGTGTCCCAATAAATG', 'spid': 'SP47', 'cov': '1'}",3
"","{'seq': 'TCCCCTGCCTTGGAGCAGCGCTCACAGCACACC', 'spid': 'SP50', 'cov': '1'}",3
"","{'seq': 'CTTATAGGTTGCTTCACCGTCGTCCATGTACAG', 'spid': 'SP39', 'cov': '1'}",3
"","{'seq': 'CAATGCCTCGTCCAGCTTCGTCAGTGCCAGACT', 'spid': 'SP37', 'cov': '1'}",6
"{'gid': 'G275', 'drseq': 'GTTTCGGTTACTTCTTCACTTACAAGACTCTCAAACTA'}"
"","{'seq': 'TTTTCAAGTCTTTCACGTTCCCCCGCGC', 'spid': 'SP6', 'cov': '2'}",2
"","{'seq': 'AGATGATAAGAAAAGGAAGTGGGATTCT', 'spid': 'SP16', 'cov': '1'}",2
"","{'seq': 'GCCGGGCAAAAGCTGGAGGAGGAGCGAT', 'spid': 'SP12', 'cov': '1'}",1
"{'gid': 'G338', 'drseq': 'GGATCACCCCCGCACCTGCGGGGAAAAC'}"
"","{'seq': 'CTGATGACTGGGAGTTAGCGGAGTAACTCTTTGA', 'spid': 'SP5', 'cov': '1'}",1
"","{'seq': 'TGGAACTAATAGTGAATATCAAAATGCTGTTAA', 'spid': 'SP8', 'cov': '1'}",1
"","{'seq': 'TCCATGAGGAGCCGCGCAAAATCGACCCCTCCG', 'spid': 'SP14', 'cov': '1'}",1
"{'gid': 'G371', 'drseq': 'ATTTCAACTCACAGTCTCACGAAGAGACTGAC'}"
"","{'seq': 'GACAAATACATTGTTGTTTATTGCACAGCAGATGT', 'spid': 'SP5', 'cov': '1'}",2
"","{'seq': 'CAAGAGGCTATATTATCAGATACTAGAGGTAAA', 'spid': 'SP8', 'cov': '2'}",2
"","{'seq': 'GGTTCATAATTCTCTTGTCGCACGCCTGTAAAATT', 'spid': 'SP15', 'cov': '1'}",1
"","{'seq': 'TATGTTACAGCCACGATTTACCAAACTCCTTTAT', 'spid': 'SP18', 'cov': '1'}",1
"","{'seq': 'CTGCTTTTGATTGCCAGGAAGAACACAAAAAGTG', 'spid': 'SP22', 'cov': '1'}",1
"{'gid': 'G397', 'drseq': 'ATCTACAATAGTAGAAATTATTTAGGTTACTTAAAC'}"
"","{'seq': 'ACAAAAACAGCAGCAAAAACGTAATA', 'spid': 'SP5', 'cov': '1'}",1
"","{'seq': 'TGTGCATTATATGTAATGCGTATGTTG', 'spid': 'SP8', 'cov': '1'}",3
"","{'seq': 'ATGCCAGACGACATTAAATCACTTATC', 'spid': 'SP23', 'cov': '3'}",5
"","{'seq': 'AAAGAGAGGACTACCGCCAACAATCCTA', 'spid': 'SP21', 'cov': '1'}",3
"","{'seq': 'CAAATAATAAAACCCTGATTAACGGCG', 'spid': 'SP14', 'cov': '2'}",3
"","{'seq': 'GAGCGGCACTTCCCCCCTGTTCTTAAG', 'spid': 'SP33', 'cov': '1'}",1
"","{'seq': 'CTCTGTTGCACCCTTAACCTTAACAAC', 'spid': 'SP36', 'cov': '1'}",1
"{'gid': 'G541', 'drseq': 'ATTTCTACTCACACATCCCGTGTGGGATGTGAC'}"
"","{'seq': 'GCTAAGTTTGTAGGTAGTGCCAGTCGCTCCATTTT', 'spid': 'SP10', 'cov': '1'}",4
"","{'seq': 'TTAATGTTAGTGTACCTTGAATGAACGTAATAA', 'spid': 'SP13', 'cov': '2'}",3
"","{'seq': 'ACATTGTTTCTTCGTCTGAATCATCGCCCAGATTC', 'spid': 'SP19', 'cov': '1'}",1
"","{'seq': 'GATTAGCGTCTACCAGATGGGCGAAGTCTTAGGCA', 'spid': 'SP22', 'cov': '1'}",2
"","{'seq': 'CAAAATCCGAAAGGATTATCGAATAAAACATTCG', 'spid': 'SP27', 'cov': '1'}",1
"{'gid': 'G590', 'drseq': 'CTTATTTCAATCCACTCCCCTCATGCGAGGGGAGACC'}"
"","{'seq': 'TACTTCAAGACGATAACTTTCTGCGTCAG', 'spid': 'SP5', 'cov': '1'}",1
"","{'seq': 'ATCGAGGAGCTTTCTGCGCAACGAGCAGAA', 'spid': 'SP8', 'cov': '1'}",1
"","{'seq': 'TCTTGCTGCGGATCGCCGTTAAATCCGGC', 'spid': 'SP13', 'cov': '1'}",1
"{'gid': 'G600', 'drseq': 'AAATCTAATGAAAGTAAGAGGTACAGACCA'}"
"","{'seq': 'AAGGACACTTAATTTAAAACTCGGAC', 'spid': 'SP5', 'cov': '2'}",2
"","{'seq': 'AAAGGAACATAATTTAAAACCAGAACA', 'spid': 'SP8', 'cov': '3'}",3
"","{'seq': 'CCGGAAACTTAATTTAAAACCAGAAC', 'spid': 'SP13', 'cov': '1'}",1
"{'gid': 'G760', 'drseq': 'GCTTCAATACTACATTCTTCTAACAACTACTGAAACA'}"
"","{'seq': 'CATCGAGATGGCGAAAAGCATGCGGAAAAATAAG', 'spid': 'SP6', 'cov': '1'}",1
"","{'seq': 'ATATCACAACGTCAATTCCTCACGATTTCGTTAT', 'spid': 'SP9', 'cov': '1'}",1
"","{'seq': 'CATTAAAGTCGCCGAAATTTCGATCGCAACAAG', 'spid': 'SP27', 'cov': '1'}",3
"","{'seq': 'TTACTGCAGAACCGGCAAAACCAAAAAATCTAA', 'spid': 'SP20', 'cov': '1'}",2
"{'gid': 'G861', 'drseq': 'ATTTCAATCCACGCACCCCGCGAGGGGTGCGACG'}"
"","{'seq': 'CATTTTTACCGCGATCCGGCCGTCCGGCAGATC', 'spid': 'SP6', 'cov': '1'}",1
"","{'seq': 'CGTGTCCTGTAACCTGGTCTGCCGCACAAAGAAGG', 'spid': 'SP10', 'cov': '1'}",2
"","{'seq': 'GTCGGCGGCCAGATAGACGTCCATCTTCTCCTG', 'spid': 'SP13', 'cov': '2'}",2
"","{'seq': 'TCATCACCAAGTTCCGTCGATCGCTGGAACGAG', 'spid': 'SP19', 'cov': '1'}",1
"{'gid': 'G1960', 'drseq': 'ATTTCAATCCACACCTTCCTTACGGAAGGTGAC'}"
"","{'seq': 'GACGATCCTGTGGGGTCAACATCATAGAGTTTC', 'spid': 'SP10', 'cov': '3'}",8
"","{'seq': 'CCGATCTCCTTAGCAATATCTGGTGCGTACTTT', 'spid': 'SP14', 'cov': '4'}",4
"","{'seq': 'ATGCATGGAAAGATGCATCTGATATCTTAGAGCA', 'spid': 'SP51', 'cov': '3'}",5
"","{'seq': 'TGCACGCATTGCCGCGATTCGCACTGCGCAAAC', 'spid': 'SP21', 'cov': '1'}",3
"","{'seq': 'AGCGACAGCAAGGGCATGTGATAATGTTGTATT', 'spid': 'SP23', 'cov': '1'}",3
"","{'seq': 'GCGTGTATTTTTTACTTGACTTTTTGCACCGTA', 'spid': 'SP32', 'cov': '5'}",8
"","{'seq': 'GAATATACACGTACGTTGTTATATAATGCAGTCA', 'spid': 'SP48', 'cov': '4'}",6
"","{'seq': 'CCTTCTTAGACTGTTGCTAACGGTATTATTCCAGC', 'spid': 'SP54', 'cov': '4'}",7
"{'gid': 'G1964', 'drseq': 'ATTTCAATCCACACCTTCCTCGCGGAAGGTGAC'}"
"","{'seq': 'AGCAGTACGTTCGGGACGATTGAGTCCTGTGTTGA', 'spid': 'SP5', 'cov': '2'}",5
"","{'seq': 'CTAGAAGGGCACAGAAGGCGGCTAGAAGACGTTT', 'spid': 'SP28', 'cov': '3'}",4
"","{'seq': 'GAGTTTTTGCGATCCTATTGTGGGTCCAGATAAGG', 'spid': 'SP24', 'cov': '3'}",5
"","{'seq': 'TGCTTCGGAATTGCCATCAATCTCAGATTTTAAG', 'spid': 'SP42', 'cov': '2'}",5
"","{'seq': 'TCCTTTGTTTTTTTTGTATCATAGATGATTAGAA', 'spid': 'SP38', 'cov': '1'}",3
"","{'seq': 'GATTCATCTTGAACATGATTTACACCTCCCTGAA', 'spid': 'SP47', 'cov': '1'}",3
"","{'seq': 'ACTTCGTGGTAATCTTTTTTCAGTACCATTTCC', 'spid': 'SP56', 'cov': '1'}",1
"{'gid': 'G1969', 'drseq': 'ATTTCAATCCACACCTTCCTTGCGGAAGGTGAC'}"
"","{'seq': 'ACATGTGAGAGCTGGACACGATGAGCACACACA', 'spid': 'SP5', 'cov': '3'}",5
"","{'seq': 'TTAGGCTATCGTATTTGCTTCGACTCATTATTTT', 'spid': 'SP13', 'cov': '3'}",5
"","{'seq': 'TCTTCGCGCCTACAGATGTTGTTTGCAAAGATGG', 'spid': 'SP25', 'cov': '4'}",4
"","{'seq': 'GACTCCTGTACCGCTATTCATTTCTGTTGCGTA', 'spid': 'SP45', 'cov': '1'}",3
"","{'seq': 'AAAAGACTCTCTCTGATAACGATTTATCTGATT', 'spid': 'SP30', 'cov': '2'}",2
"","{'seq': 'GTTCTGCTCTTGACTTGTTAATGTATGCCTTTTTGA', 'spid': 'SP43', 'cov': '1'}",1
"{'gid': 'G2264', 'drseq': 'ATCGGTAGAGAAAGTAGATTCCCCGATAGGGGACGAAAACG'}"
"","{'seq': 'GTTCAGACTAACTCGAGCCACATTACCCA', 'spid': 'SP6', 'cov': '1'}",1
"","{'seq': 'AAAACTCTTCGACCGTGAAGAGGCTTCCGGA', 'spid': 'SP12', 'cov': '2'}",2
"","{'seq': 'CTTCTTTCTCGTGGATCGTTTGCGCTTAGCTCT', 'spid': 'SP16', 'cov': '1'}",1
"","{'seq': 'CCTCTTCGTTTGCATATTTTACAGTAACGTTA', 'spid': 'SP19', 'cov': '1'}",1
"{'gid': 'G2282', 'drseq': 'GTTTTCGTCCCCTATCGGGGAATCTACTTTCTCTACAATAACA'}"
"","{'seq': 'ATGGTAGTTCTGATAGAACTGGAAAATG', 'spid': 'SP5', 'cov': '6'}",11
"","{'seq': 'TTACTGTAAAATATGCAAACGAAGAGGA', 'spid': 'SP8', 'cov': '4'}",6
"","{'seq': 'TCCTGAACGAGAGCTTCGTCATCCAAATC', 'spid': 'SP29', 'cov': '1'}",3
"","{'seq': 'AAAATCATGGTTAGAACAAAAATTGAA', 'spid': 'SP13', 'cov': '2'}",7
"","{'seq': 'GTCTATGGTTACACATCAACTTCATTCCA', 'spid': 'SP22', 'cov': '3'}",7
"","{'seq': 'ATATCTGCTATTAATATTTTCATGCGGATA', 'spid': 'SP36', 'cov': '1'}",1
"{'gid': 'G2498', 'drseq': 'CGGTTCATCCCCGCTTACGCGGGGAACTC'}"
"","{'seq': 'AAAGCAACAGAAGTCAGAGCAAAACGCGACTA', 'spid': 'SP5', 'cov': '3'}",4
"","{'seq': 'ATCGCAGTGCCGCCATTTAAGCAAAGTCGAAT', 'spid': 'SP8', 'cov': '1'}",1
"","{'seq': 'TTTCAGCCTCTTTAACGGCAGAAAAATCACTAC', 'spid': 'SP14', 'cov': '2'}",3
"","{'seq': 'AGGAACAACGATTAGCGTAAAACGTCATCGAG', 'spid': 'SP17', 'cov': '3'}",4
"","{'seq': 'AGACGTGCAATCTCAGGTGCGTCCATGTTTGC', 'spid': 'SP22', 'cov': '1'}",1
"","{'seq': 'TTCTGAGCCACAACGGTTTTGGCAACCTGTCT', 'spid': 'SP27', 'cov': '1'}",1
"","{'seq': 'GTATTCATTCGAACAAAAGCGTTCACACGCAA', 'spid': 'SP32', 'cov': '2'}",3
"","{'seq': 'TGATGAAACTGGTGCTATTGCTCCGGTCGAAA', 'spid': 'SP36', 'cov': '1'}",1
"","{'seq': 'TTTGTAATGCCCCAAGAGGATGTAGTAGTTAGTG', 'spid': 'SP42', 'cov': '2'}",2
"","{'seq': 'GGACGTTATCGGTATCGGATGACATGGCGTTC', 'spid': 'SP48', 'cov': '2'}",2
"","{'seq': 'AGGAGAATGCTTTTAAGTTCGGGATCAACGAT', 'spid': 'SP118', 'cov': '1'}",2
"","{'seq': 'TTTCCGGATGGCCTCATCAATGATCCGTTGAT', 'spid': 'SP63', 'cov': '2'}",3
"","{'seq': 'GCAGTAGGCTCATTTTCTGACAAAATCGTTAG', 'spid': 'SP54', 'cov': '1'}",2
"","{'seq': 'AACTTGCGATCCGACAACGTGAGCGAGGCAGG', 'spid': 'SP57', 'cov': '2'}",2
"","{'seq': 'ATCTGCGAGACGGGCAAGTACAGCATAGAAGA', 'spid': 'SP61', 'cov': '2'}",2
"","{'seq': 'TCATCGTTGGATGAAGCACCAATCACCAAACC', 'spid': 'SP129', 'cov': '1'}",4
"","{'seq': 'CGTATGCGTACGACATCAAAGACCTTTCACAA', 'spid': 'SP70', 'cov': '2'}",3
"","{'seq': 'GTTGTGACAGGCATCAGCGTTTCAATGTGTGC', 'spid': 'SP74', 'cov': '2'}",2
"","{'seq': 'AAAGTCAAAGTCAAGAAGGTGTTTATTCTCCT', 'spid': 'SP78', 'cov': '2'}",2
"","{'seq': 'ATCAAAGTATTGACGAAGTAAGGGTAAACGCA', 'spid': 'SP81', 'cov': '1'}",2
"","{'seq': 'AGCGCAGGGAAAAGCCCGCAATTTGCTTCGAT', 'spid': 'SP136', 'cov': '1'}",2
"","{'seq': 'GCTGTAGTAACAGCTCAACGCATCGTGAAGAG', 'spid': 'SP93', 'cov': '2'}",2
"","{'seq': 'ATAGGTCTCGCACGGAGGTTACGACGGCGAAC', 'spid': 'SP97', 'cov': '1'}",1
"","{'seq': 'CGGATTTAATCCAGCATTACGAAGATCACCAA', 'spid': 'SP100', 'cov': '1'}",1
"","{'seq': 'GCTTTGGAGATACAAAGAGTTAACTCTATAAC', 'spid': 'SP104', 'cov': '1'}",1
"","{'seq': 'TCAAGAACAGCGAAAATTGCCTTTGGAGCGTC', 'spid': 'SP107', 'cov': '2'}",2
"","{'seq': 'TTCATAATCACCCGTGGTCCCGCAGCCGGCAT', 'spid': 'SP111', 'cov': '3'}",3
"","{'seq': 'AGCATCATTCAGATCAACTGTTTTGCCTCTAT', 'spid': 'SP114', 'cov': '2'}",3
"","{'seq': 'ACGTTTTAGGGCGCAAGGTTCACGCCTCGCGA', 'spid': 'SP122', 'cov': '1'}",1
"","{'seq': 'ATACCGGGTTTAGTACTCCATCTGGAGAACTC', 'spid': 'SP141', 'cov': '1'}",1
"","{'seq': 'TTCTCATGCTCCGTGATCGACTGCATGAGTGC', 'spid': 'SP151', 'cov': '1'}",1
"","{'seq': 'ACGCGAATGCGTTACCGGCTCCAACGGCGTCG', 'spid': 'SP156', 'cov': '1'}",1
"{'gid': 'G2499', 'drseq': 'CGGTTCATCCCCGCTTGCGCGGGGAACTC'}"
"","{'seq': 'TTGATACAGCGGCAGCGATAGGCTCAACGTAG', 'spid': 'SP6', 'cov': '3'}",4
"","{'seq': 'TTTAGCCCAGTGGGATTTTTGAAATCTACGAC', 'spid': 'SP21', 'cov': '1'}",2
"","{'seq': 'GGCGTATTTTGTCGCCAGCTCTCTATTCACAT', 'spid': 'SP16', 'cov': '3'}",3
"","{'seq': 'TCCGGCATAAAAACTGCCGACCGCGAATCCAG', 'spid': 'SP39', 'cov': '2'}",3
"","{'seq': 'TGCTTGTTTTTAGGTTTCCTACCGCCCCTGTC', 'spid': 'SP26', 'cov': '1'}",1
"","{'seq': 'GACAGCATCGACCCGTACAGTATTGATGAGTG', 'spid': 'SP30', 'cov': '3'}",3
"","{'seq': 'AATCTCCGGGATTCTTCTGCTCACCACAAAAT', 'spid': 'SP36', 'cov': '1'}",1
"","{'seq': 'GCCATAGCCGCCCTGCCACGCCTTTTCAAAAC', 'spid': 'SP45', 'cov': '3'}",3
"","{'seq': 'CAACAGAGTCCGCAGCGATTTGGACAAGGGCA', 'spid': 'SP48', 'cov': '3'}",4
"","{'seq': 'AGGATTGAGACCAGCATTTCTTAAATCTCCTA', 'spid': 'SP53', 'cov': '1'}",1
"","{'seq': 'ACGGAAATTGCGAACGGCAACTTCTAAATTAA', 'spid': 'SP56', 'cov': '1'}",2
"","{'seq': 'GTGAGTTTGGAATCTGAGAAAAATGATTCGAT', 'spid': 'SP69', 'cov': '1'}",2
"","{'seq': 'GCTCGAATATTTTGACCGGTATGGGGTTGGATG', 'spid': 'SP61', 'cov': '1'}",3
"{'gid': 'G2526', 'drseq': 'AGTTTTGGCTCTCTGATGAATATTGATAAACTTATACA'}"
"","{'seq': 'CGGTTATAAGATTGTAAACCCGCAGCCG', 'spid': 'SP5', 'cov': '1'}",1
"","{'seq': 'GATTTTCGATATTGACGTGAAGGCGCAA', 'spid': 'SP8', 'cov': '1'}",2
"","{'seq': 'TCGGCTTACGCTCATCCTACAACCTCT', 'spid': 'SP12', 'cov': '1'}",1
"","{'seq': 'GAGCCTTGAAAATCAGCTTGCGAACTTT', 'spid': 'SP18', 'cov': '1'}",1
"","{'seq': 'GCCCCAAGCGGCAAGCTGTTTTGTGTCT', 'spid': 'SP23', 'cov': '1'}",2
"","{'seq': 'GCAAGGTTAGGTTTTAGCGTCGTAACTT', 'spid': 'SP31', 'cov': '1'}",1
"{'gid': 'G2575', 'drseq': 'AGTTTTACTACCTTATGAAATTACACTATTCTCAAAC'}"
"","{'seq': 'ATTGTAAGCGTTTTTCCCATACCCTGCTT', 'spid': 'SP5', 'cov': '10'}",11
"","{'seq': 'AAATACCGCATAAACATAATCAGTTTTAC', 'spid': 'SP55', 'cov': '5'}",14
"","{'seq': 'CGATTTTATTCGTAAAGCTATGCGTAGCT', 'spid': 'SP25', 'cov': '10'}",15
"","{'seq': 'TTATATCACAAACTTTGCAATTTGTAAAT', 'spid': 'SP15', 'cov': '7'}",10
"","{'seq': 'TTGCAGCCCTACGAACATCGCAATCATT', 'spid': 'SP23', 'cov': '7'}",12
"","{'seq': 'TTTCCTGCCGGGGTATCGTTTAAGCGCCG', 'spid': 'SP33', 'cov': '1'}",1
"","{'seq': 'AAATAACCAGGGTGAAAGCGACGAAATTC', 'spid': 'SP92', 'cov': '1'}",2
"","{'seq': 'CACGGACAATCCACATCGTGAAGTGCGAT', 'spid': 'SP67', 'cov': '1'}",2
"","{'seq': 'GGTTTAAGAATAAGAAAAGGGGATAAGA', 'spid': 'SP39', 'cov': '4'}",5
"","{'seq': 'TAAGAGGAGTGTTGCCAACGACACAACGA', 'spid': 'SP87', 'cov': '1'}",6
"","{'seq': 'GAAGTCAATGCTTATGCGGTTACCGACAA', 'spid': 'SP53', 'cov': '3'}",3
"","{'seq': 'ATCATCGTCTCCGACTATGTCTATACCGC', 'spid': 'SP63', 'cov': '1'}",1
"","{'seq': 'ACCTTTGCCGTTACTTCCGCTTTGACTTC', 'spid': 'SP75', 'cov': '1'}",1
"","{'seq': 'AATGAATTTCCCCTCCTTTGCGCTGTCCG', 'spid': 'SP95', 'cov': '1'}",1
"{'gid': 'G2665', 'drseq': 'GTCAGCCTCCTTGTGAGGCTGTGAGTTGAAATA'}"
"","{'seq': 'TAGTAAAAGCGAAGGGTTTCTCGCAGAAGTAAC', 'spid': 'SP88', 'cov': '1'}",4
"","{'seq': 'TCCGCGTGGTACATCGGCATGTACGCCCTGTTACC', 'spid': 'SP6', 'cov': '4'}",4
"","{'seq': 'TCTTCGATAATTTCGGATGCTTCAAGCACTCCTT', 'spid': 'SP10', 'cov': '3'}",4
"","{'seq': 'CAAGGATTAGCGGACAAGCTGAAAGGCTTAATGAC', 'spid': 'SP13', 'cov': '3'}",4
"","{'seq': 'AATGCAAATGCAGTATATACAGACGGTTGTTCG', 'spid': 'SP17', 'cov': '4'}",5
"","{'seq': 'CACCGGGCAGCTGCTTGGCGAATGAAAGGGGTGA', 'spid': 'SP20', 'cov': '2'}",4
"","{'seq': 'GCATCTTCCTGACCATCTCTATAGTAAGGCCTC', 'spid': 'SP81', 'cov': '2'}",8
"","{'seq': 'TTGCGAAGGATATAACAATGAGCTAGATATTCC', 'spid': 'SP77', 'cov': '2'}",3
"","{'seq': 'TTCCTTGTCAGCATACCGTTCTCCTTTCTAATC', 'spid': 'SP30', 'cov': '1'}",1
"","{'seq': 'TAAATCCAACAATGCAGCTATTATAATTGCAAT', 'spid': 'SP54', 'cov': '1'}",1
"","{'seq': 'ACATTGGCGGAGCGTTCGCAAAGCAGCTGACG', 'spid': 'SP57', 'cov': '1'}",1
"","{'seq': 'CTCTGGGAAAACTACAGTGTTAATTAACAAGGG', 'spid': 'SP61', 'cov': '3'}",4
"","{'seq': 'CGATGTTATCAATTGGAAAAATGTGGGCCCCA', 'spid': 'SP69', 'cov': '2'}",4
"","{'seq': 'CCTGTGCCGATAAAATCCATTCTTGATACTGTG', 'spid': 'SP75', 'cov': '1'}",2
"{'gid': 'G2675', 'drseq': 'CGTCAGCCTCTTCGTGAGGCTGTGAGTTGAAAAA'}"
"","{'seq': 'TATTTTCAGAATGATAAAACCATGCATGGCAAC', 'spid': 'SP5', 'cov': '1'}",1
"","{'seq': 'GGTGTTGGCTATTATGTTGTCGAAAACGGAGC', 'spid': 'SP8', 'cov': '1'}",1
"","{'seq': 'TATAATGTTCTTGATGTGTTATATGGAAATCAT', 'spid': 'SP15', 'cov': '1'}",1
"","{'seq': 'CTACTCACGCTTCACACACCTCCTGATCTGCC', 'spid': 'SP20', 'cov': '1'}",1
"{'gid': 'G2683', 'drseq': 'TATTTCAACTCACAGCCTCACGAAGAGGCTGACGA'}"
"","{'seq': 'ACTGGATGGTATCAGGATCACTGTTATCTA', 'spid': 'SP48', 'cov': '1'}",2
"","{'seq': 'ATGTATCACACCAATCTTTCATGAATTCTTC', 'spid': 'SP6', 'cov': '1'}",1
"","{'seq': 'TGCACAGCAAATTAACGCGATTGAATCAATTT', 'spid': 'SP12', 'cov': '2'}",2
"","{'seq': 'GAAAAAGCCTTCCAGAACACTGTTAAGGTATG', 'spid': 'SP17', 'cov': '1'}",1
"","{'seq': 'AATTTGTCTGCATTGCTTTTATCTCGAAGC', 'spid': 'SP23', 'cov': '1'}",1
"","{'seq': 'ATCTCCTGGCAGAGTTCCATGAATGCCTCTG', 'spid': 'SP26', 'cov': '1'}",1
"","{'seq': 'TATTCGGACAGGACGAGAAAGAATTCTATCA', 'spid': 'SP30', 'cov': '1'}",1
"","{'seq': 'GTAAAAAAGATAACAAAGTTAAGTACAATCT', 'spid': 'SP33', 'cov': '1'}",1
"","{'seq': 'GATTCTGCATCATTGTCGTCCAGATATTTG', 'spid': 'SP41', 'cov': '1'}",1
"","{'seq': 'AATTGCGACCAACGCATTATTGAGACCTTAAA', 'spid': 'SP46', 'cov': '1'}",1
"{'gid': 'G2684', 'drseq': 'AGACATTTCAACTCACAGCCTCACGAAGAGGCTGAC'}"
"","{'seq': 'TGGTGTTCCGTCTCCGTCCGTAACAATGT', 'spid': 'SP5', 'cov': '1'}",2
"","{'seq': 'TTTTATTGACTGTGAAAAAGAAATCATCC', 'spid': 'SP10', 'cov': '1'}",2
"","{'seq': 'GGTGATGCCCCAATCGAGGTAGATATCCC', 'spid': 'SP17', 'cov': '1'}",1
"","{'seq': 'TCTGTCCCTCACTCATTCCATTGAGCTTTT', 'spid': 'SP22', 'cov': '1'}",1
"","{'seq': 'AATGTTTTGCGCAATTGTTAATCCGATTC', 'spid': 'SP28', 'cov': '2'}",2
"","{'seq': 'GGCAATTGAAAGGGAAGACTGTACGGTGAA', 'spid': 'SP33', 'cov': '1'}",1
"","{'seq': 'AATTTAATAAACACATGTGTTTTGGTCAAA', 'spid': 'SP38', 'cov': '1'}",1
"{'gid': 'G4327', 'drseq': 'ATTTCAATCCACGCTCCTACAAGAGGAGCGACATCG'}"
"","{'seq': 'ACGATGCAACATCTCACTGCCGCTTCAAGA', 'spid': 'SP6', 'cov': '1'}",1
"","{'seq': 'ATTTCCAGTCGCGATATAGTTGAGATTACG', 'spid': 'SP11', 'cov': '7'}",8
"","{'seq': 'TAGGCATTTGCCTTTGTGTAGGCTATGTCGT', 'spid': 'SP14', 'cov': '4'}",7
"{'gid': 'G4329', 'drseq': 'GTCGCTCCTCTTGTAGGAGCGTGGATTGAAATA'}"
"","{'seq': 'TCAGAATCCGAACAGTGGAAAACCCGGGCAGA', 'spid': 'SP5', 'cov': '1'}",1
"","{'seq': 'AAGAAACAGTCGGAAGTTGACAAGCAGATTGCC', 'spid': 'SP8', 'cov': '1'}",1
"","{'seq': 'TACTCATCCATCTCTTTATCAAAAATGGCTACTT', 'spid': 'SP13', 'cov': '1'}",1
"{'gid': 'G4374', 'drseq': 'TATTTCAATCCACGCTCCTACAAGAGGAGCGACCA'}"
"","{'seq': 'TGATTTCCAGTCGCGATATAGTTGAGATTAC', 'spid': 'SP11', 'cov': '1'}",3
"","{'seq': 'CGTAGGCATTTGCCTTTGTGTAGGCTATGTCG', 'spid': 'SP6', 'cov': '3'}",4
"","{'seq': 'GCTGTCTCGTAAGCTGATACTCTTTGCTTCA', 'spid': 'SP16', 'cov': '1'}",4
"{'gid': 'G4486', 'drseq': 'ATTTCAATCCACGCGCCCCGTGCGGGGCGCGAC'}"
"","{'seq': 'CGCCCCGCCAGCGTTTTTGCAGGGGATATAGTCCC', 'spid': 'SP6', 'cov': '1'}",1
"","{'seq': 'GCATCCGGGACCGCGTGGCAGAGGCCTTGAAGAT', 'spid': 'SP23', 'cov': '1'}",2
"","{'seq': 'ATGCTGTTACCCACACGCCCCACTGATAAGCAAG', 'spid': 'SP12', 'cov': '1'}",1
"","{'seq': 'AGGGCTTGAAGCTGGCCGCATCTCAGGCAGCACA', 'spid': 'SP17', 'cov': '1'}",1
"","{'seq': 'GGCCGCATTGAGTACAGCGACCACTACCACTTCCTG', 'spid': 'SP20', 'cov': '1'}",1
"","{'seq': 'ATGATCCTACGCCGTCAGCGCAGAAAGGAGCGGA', 'spid': 'SP26', 'cov': '1'}",1
"","{'seq': 'ATATCTTCATAGACCGCTCACTCATATTCTTGTA', 'spid': 'SP31', 'cov': '1'}",1
"{'gid': 'G4487', 'drseq': 'ATCGTCGCGCCCCACACGGGGCGCGTGGATTGAAAT'}"
"","{'seq': 'CCCAAAAGAATTTTTGCCGAGATTGAGTTC', 'spid': 'SP5', 'cov': '1'}",1
"","{'seq': 'TCGGACACTACCCACTAGACTTAGGAGGTGC', 'spid': 'SP13', 'cov': '1'}",1
"","{'seq': 'GCAACCGTGCCAGCGTCCACAAGCTCAAACG', 'spid': 'SP19', 'cov': '1'}",1
"","{'seq': 'CCTCGCTGCTGTAGTATCCGCTGCACACGATT', 'spid': 'SP25', 'cov': '1'}",1
"","{'seq': 'CTGACTGCTGTCTTCCACGCGCTTGCCGACG', 'spid': 'SP33', 'cov': '1'}",2
"","{'seq': 'GGTACAAGCAGCAGCACATAGTGCCCCGGCAC', 'spid': 'SP36', 'cov': '2'}",2
"{'gid': 'G5046', 'drseq': 'AAAACAAGGAGGACAAATCCTCTCCTCACCAGAGGG'}"
"","{'seq': 'GTCGCATTTTTCCTTCGGA', 'spid': 'SP6', 'cov': '1'}",4
"","{'seq': 'TTCGGATTTTTCCTTCGGA', 'spid': 'SP22', 'cov': '1'}",6
"","{'seq': 'GCTCGGATTTTGCTCCGC', 'spid': 'SP11', 'cov': '1'}",2
"{'gid': 'G5352', 'drseq': 'GCTTGTGTACCATACATTTTTACATCATTCTCAAAC'}"
"","{'seq': 'TGCTCAGTTGATAAGATTCTTCCTGTTTCC', 'spid': 'SP5', 'cov': '6'}",11
"","{'seq': 'ACATGGTCTATAACTTCCTGTCTACGGCTT', 'spid': 'SP8', 'cov': '6'}",7
"","{'seq': 'TTAGCCAATTAATTGCGCTAATGCAATTAT', 'spid': 'SP12', 'cov': '4'}",9
"","{'seq': 'TAAGGACTGAAAGAAAAAGGAAAGTATAA', 'spid': 'SP16', 'cov': '4'}",6
"","{'seq': 'TCGATAGTCATAACTTCTGCCGTTGTCTGG', 'spid': 'SP21', 'cov': '2'}",3
"","{'seq': 'AAGGACTTCGCAGGTTGCTCCCCTGCGGTT', 'spid': 'SP28', 'cov': '2'}",2
"","{'seq': 'ACCAATTCGATGCATCCTCTTGGTAGTTGT', 'spid': 'SP31', 'cov': '1'}",3
"","{'seq': 'GTAATCAGCGGTGCAACTGTATCCGCAAGC', 'spid': 'SP54', 'cov': '1'}",3
"","{'seq': 'TATAACAGAATTTATCATCCGATGCTATCA', 'spid': 'SP36', 'cov': '3'}",5
"","{'seq': 'TGTTGTGACAGGTGTGCTTTTCTTTTTTTC', 'spid': 'SP81', 'cov': '1'}",3
"","{'seq': 'CAGGCAGGCTAACATACATCCGATTACATT', 'spid': 'SP43', 'cov': '10'}",13
"","{'seq': 'GGTGTATTAATTTTAATCATAGCACTTGTA', 'spid': 'SP48', 'cov': '3'}",3
"","{'seq': 'CGGTCTGATGTACAAATACGCTGTGATTCA', 'spid': 'SP57', 'cov': '3'}",3
"","{'seq': 'ACAACTGTGTCTGCACTTGTTACTTCTGGT', 'spid': 'SP69', 'cov': '4'}",11
"","{'seq': 'TGCATTCATCCACGCATTACCACCAGCAAT', 'spid': 'SP63', 'cov': '2'}",3
"","{'seq': 'ACAGGAATCCAAACTACAGAGGATGAAAA', 'spid': 'SP66', 'cov': '1'}",2
"","{'seq': 'CCTGCACTTTCTGCACCAAATATTTCTATC', 'spid': 'SP74', 'cov': '1'}",2
"","{'seq': 'ACAAATATAGAAAGGATTTCGCAATAATGG', 'spid': 'SP77', 'cov': '1'}",3
"","{'seq': 'CAAACATGGAGGTTGACAAGGACATCGTCG', 'spid': 'SP85', 'cov': '1'}",1
"","{'seq': 'TCAATCGGGTCGATTCTGTCCTCGTCGAGT', 'spid': 'SP88', 'cov': '1'}",1
"","{'seq': 'TAAACCTGTTCCATATACGGAATTAGCAGA', 'spid': 'SP99', 'cov': '1'}",1
"","{'seq': 'GAGGAATATGCATACCAGAAAGCGCAACTG', 'spid': 'SP102', 'cov': '1'}",3
"","{'seq': 'TGACCCAACTGGAAAAATGCTTCTTGCAGA', 'spid': 'SP106', 'cov': '1'}",3
"","{'seq': 'GATTTCAAAAAGTCCACTGCCGTTGTCATG', 'spid': 'SP109', 'cov': '2'}",2
"","{'seq': 'CGGTAAAGACAACAAAGGAAATGCTGTACA', 'spid': 'SP115', 'cov': '1'}",2
"","{'seq': 'TACAGACAGAGGGACTGGAATATGGCTATG', 'spid': 'SP138', 'cov': '1'}",1
"{'gid': 'G5353', 'drseq': 'GTTTGAGAATGATGTAAAAATGTATGGTACTCAAAC'}"
"","{'seq': 'AGCATGATTGGAGATTGGGACGTTGAAGAG', 'spid': 'SP8', 'cov': '5'}",5
"","{'seq': 'ACGATTTGAGCGCGTAAATGACAGCTTCTA', 'spid': 'SP21', 'cov': '9'}",12
"","{'seq': 'CGCTCGCTGCTCACTATCCATCACCGCCT', 'spid': 'SP13', 'cov': '5'}",14
"","{'seq': 'TACTGTATATGGTGCGAATGATGGTTTTAA', 'spid': 'SP42', 'cov': '7'}",15
"","{'seq': 'CTGAAAACGTCATATGACGGCGTAAAAGAC', 'spid': 'SP19', 'cov': '15'}",18
"","{'seq': 'TCATTTGCACGTCTGACACCTATCAACTCA', 'spid': 'SP30', 'cov': '2'}",2
"","{'seq': 'TTCGCCTTCGTTGTACTTTCCTAAGTTTGT', 'spid': 'SP35', 'cov': '3'}",3
"","{'seq': 'ACCCTGTCCAGAAAAGCCTTCATCGACGAT', 'spid': 'SP101', 'cov': '2'}",8
"","{'seq': 'TGTTTCACTCAAATTCATGCCGACAACTGC', 'spid': 'SP52', 'cov': '1'}",1
"","{'seq': 'GTTTAATAAGTACAGGAATGCATCAGCTAT', 'spid': 'SP58', 'cov': '1'}",1
"","{'seq': 'TACCTGTTTCCGAGTGTCACTAAAATTTCA', 'spid': 'SP61', 'cov': '1'}",2
"","{'seq': 'TTATTTGCACCAAACTGTGCTACTGCACCC', 'spid': 'SP147', 'cov': '2'}",4
"","{'seq': 'TAATCGAGTATCTCACAGAATTGATTAAGG', 'spid': 'SP66', 'cov': '2'}",2
"","{'seq': 'TTTCCACCTCCCCTAAATCTGTAAGTAATG', 'spid': 'SP72', 'cov': '6'}",11
"","{'seq': 'ATTTTCAGGGCAAATTCTGCTAAATCGTAC', 'spid': 'SP75', 'cov': '5'}",7
"","{'seq': 'TGATAGATTGCCATACCTAATACCTCCATG', 'spid': 'SP87', 'cov': '5'}",11
"","{'seq': 'AGGTTCTAATATTATTCCACTTGCAGGAAA', 'spid': 'SP83', 'cov': '8'}",12
"","{'seq': 'TGAGGACGATTTCTATTCTGCAGGCATGAA', 'spid': 'SP90', 'cov': '4'}",11
"","{'seq': 'CCAGTTACTTAACTCTGCCAGCTTGTTATC', 'spid': 'SP144', 'cov': '2'}",5
"","{'seq': 'ATTTCCGGCAAGGTCAATACAACCCCTGCC', 'spid': 'SP110', 'cov': '3'}",3
"","{'seq': 'TAACACTACTACATTAGATTATAATCCGAT', 'spid': 'SP117', 'cov': '1'}",1
"","{'seq': 'GGACGCAGTTTTTTCATGGTATGCGAAATA', 'spid': 'SP123', 'cov': '1'}",1
"","{'seq': 'CCGCTCTGCTCTGTTGGATCGGTGCTTTCT', 'spid': 'SP131', 'cov': '1'}",1
"","{'seq': 'TCATTTCTCCGCCACCTTTCACGCGCCGTGCTT', 'spid': 'SP155', 'cov': '1'}",2
"","{'seq': 'TATCATACAGAGGGGCTATAGCATACGCC', 'spid': 'SP137', 'cov': '1'}",1
"","{'seq': 'CATCAGTTGCAGTTATTAGAAGAGAGCAAA', 'spid': 'SP140', 'cov': '1'}",1
"","{'seq': 'AAATTCTTATCGGTGAGATGGTTCCGAAT', 'spid': 'SP158', 'cov': '1'}",1
"","{'seq': 'ATATGTAAGTTCCATTCGGATGCTCACAGC', 'spid': 'SP162', 'cov': '3'}",3
"","{'seq': 'GGAAGTAGTGTACCTGACATCCAGGGAGAA', 'spid': 'SP196', 'cov': '1'}",1
"","{'seq': 'TCCGGCTGATCGCAAAATAAAAAACGCCCG', 'spid': 'SP203', 'cov': '1'}",1
"","{'seq': 'ACCACGTAGCAAGATTATCAGTAAGCGTAG', 'spid': 'SP206', 'cov': '1'}",1
"{'gid': 'G5561', 'drseq': 'AAGTTTTACTACCCTATAAAATTACACTACTCTCAAAC'}"
"","{'seq': 'CAACGTTTCTACCGATTGTGTTGTTTT', 'spid': 'SP53', 'cov': '1'}",3
"","{'seq': 'TCTAGTGTCCCTGCTAATGCTAAGTTCA', 'spid': 'SP6', 'cov': '2'}",3
"","{'seq': 'TCCTATAATTGCCGTCTGAACAGGTACA', 'spid': 'SP10', 'cov': '2'}",4
"","{'seq': 'TCCCGTGTTAGTGGTTTTTGTATCATTA', 'spid': 'SP13', 'cov': '1'}",2
"","{'seq': 'GCAATCTGCGTAACTTTCATTATAATTT', 'spid': 'SP17', 'cov': '2'}",3
"","{'seq': 'TAAGAAAGCTGATTGATAAAGTCGGCAG', 'spid': 'SP20', 'cov': '1'}",1
"","{'seq': 'TAAGATGCTTGACGTGATGAAGAATAGT', 'spid': 'SP64', 'cov': '1'}",4
"","{'seq': 'ACAACGTATCAATGTTCACAAGATGTGA', 'spid': 'SP29', 'cov': '1'}",1
"","{'seq': 'GGCTTTGCTTCATCACACATGATGTCGT', 'spid': 'SP36', 'cov': '4'}",5
"","{'seq': 'GTTGATAAAGCATTTGAAATGTTAGACG', 'spid': 'SP40', 'cov': '1'}",2
"","{'seq': 'GCGAGGTAATTCCATATGACTAACCGAA', 'spid': 'SP57', 'cov': '1'}",1
"","{'seq': 'CTACGGCGGTAAAACTTCCAAGGTCGA', 'spid': 'SP62', 'cov': '1'}",1
"{'gid': 'G5562', 'drseq': 'AGTTTCAGTACCTTATGAAATTACACTACTCTCAAAC'}"
"","{'seq': 'ATCATCGTCTCCGACTATGTCTATACCGC', 'spid': 'SP6', 'cov': '1'}",1
"","{'seq': 'GGTTTAAGAATAAGAAAAGGGGATAAGA', 'spid': 'SP12', 'cov': '1'}",1
"","{'seq': 'TAAGAGGAGTGTTGCCAACGACACAACGA', 'spid': 'SP15', 'cov': '2'}",3
"","{'seq': 'GTATATACAGCTTATGATGTTTTACTCAA', 'spid': 'SP19', 'cov': '1'}",1
"","{'seq': 'TTGTCAGTATCCATATAAAGATACTTTTA', 'spid': 'SP22', 'cov': '1'}",1
"","{'seq': 'GAAGTCAATGCTTATGCGGTTACCGCCAA', 'spid': 'SP30', 'cov': '1'}",2
"","{'seq': 'GTATTACGACATGGAAGAACTGACTGCTG', 'spid': 'SP35', 'cov': '1'}",1
"{'gid': 'G5568', 'drseq': 'ATTTCAATCCACTCCCTCCGCATGGAGGGAGAC'}"
"","{'seq': 'TATTGGCAGTCTGATGAAGGTCGTGTTCGTTTGAA', 'spid': 'SP6', 'cov': '1'}",1
"","{'seq': 'TCAAAGGAGAATATAGTTTCTTCGCCTTTCCGGAA', 'spid': 'SP13', 'cov': '1'}",1
"","{'seq': 'ACTTTTGTTACCCTTCTTTCTATTTTCCAGAAGTC', 'spid': 'SP16', 'cov': '1'}",1
"","{'seq': 'ATGGCCACCTCATATGTGCCGAGTGGTACTTCCTT', 'spid': 'SP20', 'cov': '1'}",1
"","{'seq': 'TGAGATTGTTCCAACGCTGAGACTGTCCAAATAT', 'spid': 'SP23', 'cov': '1'}",1
"","{'seq': 'GACTGTAGATAATGTTTGGGTTCAGGCTTTTAA', 'spid': 'SP28', 'cov': '1'}",1
"","{'seq': 'TGGATAGGGATTTTTAGACCAAGATGCTGTTCTAT', 'spid': 'SP31', 'cov': '1'}",1
"","{'seq': 'CCGTCAATGCTGGTTATCTACAATAGGTGAGCT', 'spid': 'SP35', 'cov': '2'}",2
"","{'seq': 'CCGTTTACGAGTTACGACAATTTACACCCTATCAC', 'spid': 'SP38', 'cov': '2'}",2
"","{'seq': 'CCTGTCTCTTCTGGTAAGACCATTCGCCAGTCT', 'spid': 'SP96', 'cov': '1'}",2
"","{'seq': 'GAAATGAGTACAGTTTCTGAATATGTTGGGGAAGT', 'spid': 'SP47', 'cov': '1'}",1
"","{'seq': 'AATTATGTATTTCGTTTCGAAAATGGAAAAATTA', 'spid': 'SP50', 'cov': '1'}",1
"","{'seq': 'TGGACAAGATCACGGAACAAGATTATGCAGATCT', 'spid': 'SP54', 'cov': '1'}",1
"","{'seq': 'TATATTGACCTTGGGTATCTGTGCGGCGGCGTGT', 'spid': 'SP57', 'cov': '1'}",1
"","{'seq': 'TCTTGTTGGTACCTGCTGCCTTGGCGTAGGATGCA', 'spid': 'SP61', 'cov': '1'}",2
"","{'seq': 'CCGTTTTCTAGTGCCGCATATGCGGCAGACAGACC', 'spid': 'SP68', 'cov': '2'}",4
"","{'seq': 'GCACAGTGTGACCCGTACAGGTACAAGGTGAAACC', 'spid': 'SP71', 'cov': '3'}",4
"","{'seq': 'AATTTGCCGTACATGAGGGTGTTTTTGAATGCTT', 'spid': 'SP80', 'cov': '1'}",1
"","{'seq': 'CTATATCCGTATGGATATAGTGACGCATCAGAT', 'spid': 'SP92', 'cov': '1'}",2
"","{'seq': 'ACATTGATTTGGTTGACGGAGATCCTGCAATAATC', 'spid': 'SP90', 'cov': '1'}",1
"{'gid': 'G5569', 'drseq': 'ATTTCAATCCACTCCCTCGTAAAGAGGGAGAC'}"
"","{'seq': 'AACCATTCAGGAAAACGAAACTGTGATGCAAGGC', 'spid': 'SP12', 'cov': '2'}",3
"","{'seq': 'CTGCCGGTTACGGCACTGTGTCCATAAAACACAGT', 'spid': 'SP6', 'cov': '3'}",4
"","{'seq': 'CGGGGCTGGGACGTTATTGATTACCGGCACACCGA', 'spid': 'SP9', 'cov': '3'}",4
"","{'seq': 'TTCTGGAAAACAATTGAAAAGAAAAGGAGTAATT', 'spid': 'SP17', 'cov': '1'}",2
"","{'seq': 'ATAACCGACCTCGTCACGCATAATGTGTGACGGA', 'spid': 'SP22', 'cov': '2'}",2
"","{'seq': 'GTTATGGAATAAAGATGTGTATATTGAATTTAT', 'spid': 'SP33', 'cov': '1'}",2
"","{'seq': 'CTTGTTTAGACTGGAATGCTCGGCAGCAAGTGC', 'spid': 'SP37', 'cov': '1'}",2
"","{'seq': 'AACGATTCTCGGCGATGGGGACGTACCATTCTTA', 'spid': 'SP45', 'cov': '3'}",4
"","{'seq': 'CATCGCTCCCAGCGAGTACCCTGCCCTGTTGGAG', 'spid': 'SP54', 'cov': '1'}",4
"","{'seq': 'TTAAATCTGTTTTGGATGCCGGATGATACCCTT', 'spid': 'SP50', 'cov': '1'}",3
"","{'seq': 'CCAATGGCAACACGAGCCTTGCCTGTATGGCTGGC', 'spid': 'SP89', 'cov': '1'}",3
"","{'seq': 'TCTCGCATTGCTTCACCTGCCGGAAACTCCGGC', 'spid': 'SP59', 'cov': '1'}",1
"","{'seq': 'TCATAAAATCCATTGTGACAGGGAGAAAACAAAAT', 'spid': 'SP78', 'cov': '1'}",1
"","{'seq': 'TTATGTTGTATTATGGAAGATATCAGCATATTAG', 'spid': 'SP84', 'cov': '3'}",4
"","{'seq': 'GTGGAATTATGAGTCAGACAAATACGCTGATTGCA', 'spid': 'SP107', 'cov': '1'}",2
"","{'seq': 'TCCTTGAGTTTTTGCCATAGTATCAAGATAAG', 'spid': 'SP93', 'cov': '1'}",1
"","{'seq': 'AGTATGCGGAATGTGCGTGGTGCAAGCAGTGGTG', 'spid': 'SP96', 'cov': '1'}",1
"{'gid': 'G5819', 'drseq': 'AATATTTCAAAACATCCTATGTTACTGTTTAAC'}"
"","{'seq': 'CGCCATGTATGCACGTTCCTTTCATCACTTTT', 'spid': 'SP5', 'cov': '2'}",3
"","{'seq': 'CTTAAAGGTATTACGCTTCGTTTCTCTTCGT', 'spid': 'SP8', 'cov': '1'}",3
"","{'seq': 'ACCATCTGCCGATTCTGAATCGTTAGCGTCTG', 'spid': 'SP22', 'cov': '1'}",2
"{'gid': 'G5821', 'drseq': 'AGAATTTCAAAACATCCTATGTTACTGTTTAAC'}"
"","{'seq': 'CTTAAAGGTATTACGCTTCGTTTCTCTTCGT', 'spid': 'SP5', 'cov': '1'}",1
"","{'seq': 'GCTTGCCCTGTTGCATAGCAACACGAACAAAC', 'spid': 'SP12', 'cov': '2'}",4
"","{'seq': 'AGAAATATATTTGTCACGTCCGAAAGGGTTAAA', 'spid': 'SP15', 'cov': '1'}",2
"","{'seq': 'AACTTGGGAGGAACAGGGCGAAAAAGCAAGTAA', 'spid': 'SP21', 'cov': '2'}",3
"","{'seq': 'ATGGTTTCAGCCTTTGGGTAGCAAGCTATTC', 'spid': 'SP25', 'cov': '1'}",1
"{'gid': 'G7316', 'drseq': 'GGCGTTAATCCTTAATAAGTATGATATCTAACCAA'}"
"","{'seq': 'AATGCAAAAGTACACAGTAGAAATCTATATTA', 'spid': 'SP6', 'cov': '2'}",2
"","{'seq': 'CAGGCAAAACTATTTTAACTATTTTAGGCGGT', 'spid': 'SP21', 'cov': '1'}",2
"","{'seq': 'GTAATGAAGATGATTTGAAAGTAGATTGGATTTC', 'spid': 'SP12', 'cov': '1'}",2
"{'gid': 'G7323', 'drseq': 'AAAAAGCGTTAATCCTTAATAAGTATGATATCTAACACA'}"
"","{'seq': 'GATGAAATTATAGAAGAATTTGATATTGGGTAT', 'spid': 'SP5', 'cov': '1'}",2
"","{'seq': 'AACAAAAAGAAAGAGAGAAAAGAAAAATGG', 'spid': 'SP8', 'cov': '2'}",3
"","{'seq': 'CGAAATGGAAATGTCATTAACTCGTCAATCGA', 'spid': 'SP12', 'cov': '2'}",2
"{'gid': 'G7710', 'drseq': 'ATTTCAACCCACGCGCCCCTTGCGGGGCGCGACG'}"
"","{'seq': 'AGAGTAGTAAAATCATAGTCTTTGCCCTGCTTA', 'spid': 'SP6', 'cov': '1'}",1
"","{'seq': 'AAGTGGTAGTGGTATCCTCTTCATAAGGGAGTT', 'spid': 'SP11', 'cov': '2'}",2
"","{'seq': 'TGCTGGTGGTCAGCATCGGCATCAAGGTCTTCAA', 'spid': 'SP20', 'cov': '2'}",2
"{'gid': 'G7711', 'drseq': 'AGTCGCGCCCCGCAAGGGGCGCGTGGGTTGAAAT'}"
"","{'seq': 'GCAAATTTTGATTGTGAAACCATCGTTGGAAAAT', 'spid': 'SP6', 'cov': '1'}",1
"","{'seq': 'CGAGGAAGTCAAACAACTGCGGCTTGAGTTGC', 'spid': 'SP17', 'cov': '1'}",2
"","{'seq': 'TCGTCTGCTGCGCTGTAGTCGAATCTTTTGTA', 'spid': 'SP11', 'cov': '1'}",1
"","{'seq': 'GAGGTACGTGCACGCCGCAAACACCGCACAGTC', 'spid': 'SP22', 'cov': '1'}",1
"","{'seq': 'TACAGTTTCTCGATTATTAAACGAATCGACAT', 'spid': 'SP28', 'cov': '2'}",2
"{'gid': 'G8265', 'drseq': 'CGATACACCCTCACATATAATGAGGGAAC'}"
"","{'seq': 'TCCTTGTACTGCTTTCATCCACGCTTTCAATG', 'spid': 'SP6', 'cov': '1'}",1
"","{'seq': 'TCATTATAGTGCCACCAATTGCCCGACTCATA', 'spid': 'SP10', 'cov': '1'}",1
"","{'seq': 'GGGGCGCGCCGTTTTATCGGTTGGCGGCGGTG', 'spid': 'SP13', 'cov': '1'}",1
"{'gid': 'G8509', 'drseq': 'GTCGCTCCCCTCGTGGGAGCGTGGATTGAAATA'}"
"","{'seq': 'TGCTCCTCCGAACCGTCAGCCGTGTCCGTGTAAG', 'spid': 'SP6', 'cov': '1'}",1
"","{'seq': 'CGTAACACAATTTACACAAGTAAGTCCGCAGA', 'spid': 'SP11', 'cov': '1'}",1
"","{'seq': 'TTAGATTTACGCTAATAGTTCCAATGCACTGCGC', 'spid': 'SP14', 'cov': '1'}",1
"{'gid': 'G10232', 'drseq': 'GATTAACTTTAACATGGGATGTATTGAAAC'}"
"","{'seq': 'AAGTTTGTTACATATTCCGTGCGGGGATTGACTTT', 'spid': 'SP11', 'cov': '1'}",1
"","{'seq': 'GTGATATATGTCCATGCCCCCGGCGAGTATTCCT', 'spid': 'SP15', 'cov': '1'}",1
"","{'seq': 'AAGTATTTATCTGCAACGCTTTTAACACCGGCATA', 'spid': 'SP18', 'cov': '1'}",1
"","{'seq': 'GAAAAATCCTGTAGTGCTTTCGGTTCGTCCGAAAG', 'spid': 'SP22', 'cov': '1'}",1
"","{'seq': 'GAATAAAAATAAGGGTGCTTATGCACCCTTTATT', 'spid': 'SP25', 'cov': '1'}",1
"{'gid': 'G13158', 'drseq': 'CATTTCAACTCACTACCTCACACAGAGGTAGAC'}"
"","{'seq': 'TTGCTGCTGGGCCTGCTGCTGACTTTCATCTA', 'spid': 'SP5', 'cov': '1'}",1
"","{'seq': 'CTGGACTAAGTATAGCATATCACCTCTTTCGT', 'spid': 'SP8', 'cov': '1'}",1
"","{'seq': 'AATATGAGAAATATTAACTGGACTGTAAGAAT', 'spid': 'SP17', 'cov': '1'}",1
"{'gid': 'G13159', 'drseq': 'CATTTCAACTCACTACCTCACGCAGAGGTAGACG'}"
"","{'seq': 'GAACACTGTCTGTGTACTTCGAGGGTAGGAA', 'spid': 'SP5', 'cov': '1'}",1
"","{'seq': 'AATCCGTTTTGCGCACCTGCTGCCAGCAGAT', 'spid': 'SP8', 'cov': '1'}",2
"","{'seq': 'TCACATGCCCGTGGCCTGCATATCCTGTTAT', 'spid': 'SP12', 'cov': '1'}",1
"","{'seq': 'CTCTTTATCCGAAAAAGCCACAGGTCAACAGG', 'spid': 'SP17', 'cov': '1'}",1
"","{'seq': 'ATTGGAAGATAGTCAAGAGTGAGTATGTTGG', 'spid': 'SP20', 'cov': '1'}",1
"{'gid': 'G13163', 'drseq': 'ATATTTCAACTCACTACCTCACACAGAGGTAGAC'}"
"","{'seq': 'ATGTTGCTAGCCTCATAGCTGTACTGAACAACC', 'spid': 'SP5', 'cov': '1'}",1
"","{'seq': 'GCAGTAATCTTTGTATGCAGCATTTTGCTTTTG', 'spid': 'SP11', 'cov': '1'}",1
"","{'seq': 'ACTATCAATTGTCCAATTCCCTGTCGGACTG', 'spid': 'SP14', 'cov': '1'}",2
"","{'seq': 'TTTTTCTCCCCAATATTAATTCCGCAAACATT', 'spid': 'SP21', 'cov': '1'}",1
"{'gid': 'G14337', 'drseq': 'CCCGGGATCACCCCCGCGTATGCGGGGAAAAG'}"
"","{'seq': 'GATCGGCAAAGCCGCTGCACTCGTATAACT', 'spid': 'SP5', 'cov': '1'}",1
"","{'seq': 'GGGGATGGCAGCAGCGCAGCGGCTGCTGA', 'spid': 'SP8', 'cov': '1'}",1
"","{'seq': 'TGCTGTTGAGCCCATTCTTTCAGCCCATG', 'spid': 'SP12', 'cov': '1'}",2
"{'gid': 'G14338', 'drseq': 'CAGGATCACCCCCGCGTATGCGGGGAAAAG'}"
"","{'seq': 'TACGGGCCTGTGTGAGCACTCCCGGCAGGAG', 'spid': 'SP12', 'cov': '1'}",2
"","{'seq': 'AGTGCCGCGAGTATATGGGCCATCTGTGCCC', 'spid': 'SP6', 'cov': '1'}",2
"","{'seq': 'GGGGATGGCAGCAGCGCAGCGGCTGCTGAAC', 'spid': 'SP16', 'cov': '1'}",1
"","{'seq': 'TGCTGTTGAGCCCATTCTTTCAGCCCATGCC', 'spid': 'SP19', 'cov': '1'}",1
