"{'gid': 'G1', 'drseq': 'ATTTCAATTCCATAAAGGTGCGATTAGAAC'}"
"","{'seq': 'AATACGGGCGGCTCAGGTTCCGGCACTCTCCCTGG', 'spid': 'SP6', 'cov': '209'}",335
"","{'seq': 'TTGGTTGCATCATACTCCAACTTGATGTTGCCGA', 'spid': 'SP102', 'cov': '305'}",606
"","{'seq': 'TAGTTTCTGCAAGTCTTCTTTCTGCTTTTCTCCAACTTGATGTTGCCGA', 'spid': 'SP9478', 'cov': '1'}",976
"","{'seq': 'GCCACACTGCCCTAAAAATTATAGCTTGCTTGTTCG', 'spid': 'SP1014', 'cov': '255'}",908
"","{'seq': 'TTCTCAGCAGCACCCTCTTCTACCTGCTCTTCAGC', 'spid': 'SP32', 'cov': '226'}",399
"","{'seq': 'GACAAGCTTGTAAACCCTATGCGCTATATCCTTGCTA', 'spid': 'SP36', 'cov': '342'}",644
"","{'seq': 'GTGGCAACATCGAGAGCATCAATATGAGTATCTC', 'spid': 'SP10498', 'cov': '1'}",464
"","{'seq': 'ATCTTATTCATCAATCTTCTGACCACTTGTTTGT', 'spid': 'SP533', 'cov': '246'}",434
"","{'seq': 'AGCCGAACAGAGAAAATAATGATGTATCGACTTA', 'spid': 'SP76', 'cov': '208'}",404
"","{'seq': 'GCCATATCCACCATGTTCTTTGTGAGCTGGTTGCCG', 'spid': 'SP216', 'cov': '222'}",455
"","{'seq': 'TTTTGTTACGTTTCTCTATCAGAATCAGCAGAACC', 'spid': 'SP134', 'cov': '114'}",346
"","{'seq': 'TCTTGTTACGTTTCTCTATCAGAATCAGCAGAACC', 'spid': 'SP2622', 'cov': '1'}",346
"","{'seq': 'CGGGCGGCGAATCGCCGCTAATCCGCCCTACCTGG', 'spid': 'SP107', 'cov': '296'}",491
"","{'seq': 'GCTCAGCGCAGCTACGCAGGGCAGCACTACGCTT', 'spid': 'SP112', 'cov': '290'}",491
"","{'seq': 'TTCAAGATTACACATATTGAGTACCAGAATAACTT', 'spid': 'SP128', 'cov': '175'}",343
"","{'seq': 'TTAATTCCCGGCAGGTACCGCTAACGTCTTCGCCAA', 'spid': 'SP4538', 'cov': '1'}",318
"","{'seq': 'ATACTCGTCATCGATATCCTCATTGAGATATTTCT', 'spid': 'SP179', 'cov': '190'}",384
"","{'seq': 'GACTGCAGCTTGACTACATCAGGCGCTCCCTCTACC', 'spid': 'SP143', 'cov': '182'}",344
"","{'seq': 'TTATATGGTTTACACCATACATTAACACACCACT', 'spid': 'SP1016', 'cov': '241'}",474
"","{'seq': 'CTAGTTGGAGGGGTACCCAACTCCTGGCATCAATT', 'spid': 'SP167', 'cov': '223'}",441
"","{'seq': 'ACTGCTACGCAGAGCCAAGATTATTAGTGCGGTG', 'spid': 'SP170', 'cov': '292'}",536
"","{'seq': 'TACCTACCTCAGAGCGTGCTCTTCCAGCATGTAGA', 'spid': 'SP1029', 'cov': '269'}",544
"","{'seq': 'TCTTGTGCCGGGTCTGCTGGCCAGCCATCCTCCTGA', 'spid': 'SP200', 'cov': '302'}",500
"","{'seq': 'ACTTTTAGAAACATCTTTGTAATATATATTTTTGT', 'spid': 'SP1071', 'cov': '92'}",250
"","{'seq': 'CTAGCAGACAATCCCCCCACTGCCCCACCCGATA', 'spid': 'SP1090', 'cov': '196'}",357
"","{'seq': 'GCTTCAAAGAAGCTTTTGGTGATTTTCCTTTGGCAA', 'spid': 'SP1765', 'cov': '220'}",394
"","{'seq': 'GAAGCAAAGCTGATAGCAAACGTACCGCTTGTTGTGA', 'spid': 'SP395', 'cov': '319'}",575
"","{'seq': 'ATGCAAGAGTTCATCGAAGACTGCTTAACCCTTGAGA', 'spid': 'SP398', 'cov': '266'}",529
"","{'seq': 'GTGCAAGAGTTCATCGAAGACTGCTTAACCCTTGAGA', 'spid': 'SP11950', 'cov': '1'}",428
"","{'seq': 'TCATAGGTTGCACCAGTGAGGGCATTTCCGCCAGT', 'spid': 'SP1013', 'cov': '183'}",352
"","{'seq': 'TCCAAGTCTTCTACTCCCTTTATTACCTTATCCA', 'spid': 'SP1551', 'cov': '296'}",545
"","{'seq': 'GCTAGTAAGGTGGTCGCAGTTGTAGGTGGCTATA', 'spid': 'SP1632', 'cov': '191'}",382
"","{'seq': 'GTTGTCTAGACCCAAATTATTTTCAGAATTTGGGT', 'spid': 'SP1623', 'cov': '205'}",392
"","{'seq': 'TAGTTTCTGCAAGTCTTCTTTCTGCTTTTCTCCGAG', 'spid': 'SP3394', 'cov': '1'}",568
"{'gid': 'G11', 'drseq': 'GTTTGAGAGTACTGTTAAAACAAAAGGTTATCAAACTTA'}"
"","{'seq': 'GAAAATAAAGAGCATGAAGCTGACAAT', 'spid': 'SP6', 'cov': '35'}",57
"","{'seq': 'ATGTAACAGCACATAAGCAGGACAAGG', 'spid': 'SP12', 'cov': '41'}",79
"","{'seq': 'TCTTTTCTCAACACAAACGCTCCTATC', 'spid': 'SP22', 'cov': '31'}",55
"","{'seq': 'TGTTAAAATTTAAACAAGTCGGAATGT', 'spid': 'SP35', 'cov': '4'}",47
"","{'seq': 'GAAAATCAAAAGAAGGTGGTAAACATA', 'spid': 'SP54', 'cov': '37'}",76
"","{'seq': 'ATTCACGCAGGCTGCTTGCCAGTCTTG', 'spid': 'SP76', 'cov': '33'}",59
"","{'seq': 'CAAAACTCTTCATTGTGCAGGTCACAA', 'spid': 'SP83', 'cov': '4'}",40
"{'gid': 'G31', 'drseq': 'CGGATCATCCCCGCGCATGCGGGGCAAAC'}"
"","{'seq': 'GTTTCGACCGCCATCGATACGCTGTCACGTTC', 'spid': 'SP5', 'cov': '8'}",12
"","{'seq': 'TCCGATATAGGCACTATCCGTTGCTTGTCGCC', 'spid': 'SP704', 'cov': '3'}",10
"","{'seq': 'GAGGCATAGTCCGGAGGCTTGCCGTTCGGAGA', 'spid': 'SP8', 'cov': '9'}",13
"","{'seq': 'TGATTTGCCGATTTTGCCACCGTTGCCGAATG', 'spid': 'SP505', 'cov': '12'}",19
"","{'seq': 'TCGGACATGTCCATGACCGCGCTGGTGAAGCC', 'spid': 'SP88', 'cov': '8'}",13
"","{'seq': 'GACGGCGGCGACAAGGAAGACGACCTCGAATT', 'spid': 'SP341', 'cov': '5'}",15
"","{'seq': 'ACGGAAAACAGCGCCATCAGTGAGGCCAATTA', 'spid': 'SP494', 'cov': '7'}",13
"","{'seq': 'ATCATGGAAAATTGTGTAAAAATCAACCCCGA', 'spid': 'SP16', 'cov': '7'}",16
"","{'seq': 'GGGTTGCTGATTTTGATAGGGTCTCGCAACAG', 'spid': 'SP19', 'cov': '7'}",11
"","{'seq': 'TCTTTCGCGTTCCTGGCGATGTCGGGCGTCAC', 'spid': 'SP58', 'cov': '6'}",13
"","{'seq': 'ATCGACGGCCGACCGACCGAAAGCGAGACCCA', 'spid': 'SP24', 'cov': '12'}",21
"","{'seq': 'GCACCGACCGGCACGACGGCCAAGACACCGAC', 'spid': 'SP184', 'cov': '11'}",26
"","{'seq': 'ATGCTGTCGCCGCCGACCTTCACGGTCACGTC', 'spid': 'SP214', 'cov': '10'}",29
"","{'seq': 'TCCTTGAGGGCCACGAGCGCCTTCATCACGTC', 'spid': 'SP282', 'cov': '9'}",30
"","{'seq': 'CCAGTACTAGGGGACTTCAGGGGACGCGACGA', 'spid': 'SP30', 'cov': '13'}",16
"","{'seq': 'TACCAGCGGCTTGCCAGGGTCGGTGACCTCAT', 'spid': 'SP33', 'cov': '6'}",12
"","{'seq': 'TGTTTTGCTGGCTTTTTTCATTGTCGTTTCTG', 'spid': 'SP39', 'cov': '10'}",14
"","{'seq': 'GGACGGCAGTAGCCATAGCACGCAGGACACCT', 'spid': 'SP873', 'cov': '1'}",6
"","{'seq': 'AACCCCGATTGTGACCGCGTGGTACAGGACGC', 'spid': 'SP44', 'cov': '7'}",12
"","{'seq': 'ACTTCCACGAGGTCCGCGTATTCGACCTTGGT', 'spid': 'SP47', 'cov': '5'}",6
"","{'seq': 'GAGGAACCAAGCCAATCGGAACTGTTCGACGC', 'spid': 'SP479', 'cov': '5'}",9
"","{'seq': 'TGGGTTTTGGGTCAACACGTCAATGTCGCCCC', 'spid': 'SP338', 'cov': '5'}",11
"","{'seq': 'ATGTCCGAAGATGAAATTCTTGACCCCCAAAA', 'spid': 'SP482', 'cov': '7'}",12
"","{'seq': 'TCCTTCACGCCGGCCTTCAACTGGCCCAGCAC', 'spid': 'SP55', 'cov': '8'}",16
"","{'seq': 'GCGCTCTATGTGATAGGCACGGTCGAAAGCTC', 'spid': 'SP599', 'cov': '5'}",15
"","{'seq': 'TCGGTCCTGTTCTTGTCTTGTTCGTGTGTGTG', 'spid': 'SP64', 'cov': '14'}",22
"","{'seq': 'CAAGACAACCTGAACACGGTTAAGGTCATCAA', 'spid': 'SP129', 'cov': '19'}",27
"","{'seq': 'GTACGGCCTTCCATGAAACTGTCGATAAGTTC', 'spid': 'SP154', 'cov': '10'}",22
"","{'seq': 'CGGGACGGCAAGGCCGAGAACCCGATGGCCGA', 'spid': 'SP73', 'cov': '11'}",21
"","{'seq': 'CCCGAGCGCTTGCGTGGCAATGTCATTGGATC', 'spid': 'SP113', 'cov': '9'}",13
"","{'seq': 'CGGATTCATCCAACCCCCTAGAACAGATTCAA', 'spid': 'SP80', 'cov': '7'}",12
"","{'seq': 'GGAATCATCCGGCCGATCTCACGGTCGAATAC', 'spid': 'SP315', 'cov': '8'}",13
"","{'seq': 'CTCCGCCACAATCTCGATACCCTCCAATGCGA', 'spid': 'SP85', 'cov': '4'}",14
"","{'seq': 'ACCGTCGAATCCACCAACAGCCACGAAAACGA', 'spid': 'SP187', 'cov': '9'}",15
"","{'seq': 'TGCGGCACTTTGCCCATCGCATTAGCAATGTC', 'spid': 'SP258', 'cov': '10'}",15
"","{'seq': 'TGTTATTGTGTTTTGTTCTGTGTTTTTCATTG', 'spid': 'SP93', 'cov': '11'}",23
"","{'seq': 'AGACCGGAAGCCCCGATCTAGCGGACAGCGTC', 'spid': 'SP98', 'cov': '10'}",13
"","{'seq': 'GGGGTCCAATGAATCGTATCCGATGATATAAT', 'spid': 'SP101', 'cov': '5'}",14
"","{'seq': 'ATGGGGCCCATGCCGCGAAGACGGCCCGGAAC', 'spid': 'SP234', 'cov': '5'}",10
"","{'seq': 'TAGTAAGCCGTCACGCTGTAGATGCAGACGTC', 'spid': 'SP148', 'cov': '7'}",14
"","{'seq': 'GGAGCAGAAGGCGTTGCCCCACATCTTCGCCA', 'spid': 'SP108', 'cov': '7'}",13
"","{'seq': 'ACGATAGCGTTCGGTGAATTCTTCGTCGGTTC', 'spid': 'SP555', 'cov': '7'}",17
"","{'seq': 'TTGGGTAAGATCGGCTCCCTGTTCGGCTCGTT', 'spid': 'SP239', 'cov': '16'}",21
"","{'seq': 'CAGCGGAAGTCGCTGGGGCTTGGACGGCAACG', 'spid': 'SP120', 'cov': '7'}",15
"","{'seq': 'GTTGAGATGCACGCGAGCCTCGGGAGCCACGT', 'spid': 'SP822', 'cov': '1'}",4
"","{'seq': 'TACGGCAGCAACTCCACGTTCCAGAGCTTTTC', 'spid': 'SP126', 'cov': '2'}",2
"","{'seq': 'GGCGTGGTCGTACCGCCGCCGGACATGGCGAG', 'spid': 'SP363', 'cov': '10'}",23
"","{'seq': 'AGGGCCGGCGATATCCCCGACCGTACCGCGTT', 'spid': 'SP136', 'cov': '5'}",6
"","{'seq': 'ATGGCGTTCTTGATGTCCTTCGTGCGCTGGGC', 'spid': 'SP323', 'cov': '4'}",8
"","{'seq': 'TCGTTGGTCACCTGAGTTTTTTGCTGGACGAA', 'spid': 'SP142', 'cov': '6'}",7
"","{'seq': 'GACCTGCTCGGAGCCAACTAACGGAAGGAGGC', 'spid': 'SP383', 'cov': '2'}",11
"","{'seq': 'TGCTGCTGATTGAGCCGGAATATCTCGCGTCT', 'spid': 'SP152', 'cov': '10'}",16
"","{'seq': 'CTCATCACGCAATTCGTACGGTCATCATTACT', 'spid': 'SP161', 'cov': '11'}",33
"","{'seq': 'TTCCACTCCATCCAGTTTGTCGAACCATTGTT', 'spid': 'SP165', 'cov': '10'}",13
"","{'seq': 'CTTTCCGCACAATACCCGGACGAGCTGGTGTT', 'spid': 'SP170', 'cov': '12'}",20
"","{'seq': 'CTGTTCGACGCTATCGGCGACGTCGCTGACGC', 'spid': 'SP173', 'cov': '13'}",19
"","{'seq': 'GATTAGTTGTTAGGTGTGTGCCCTAATCAATT', 'spid': 'SP264', 'cov': '3'}",14
"","{'seq': 'GCTTATAGTTTGTGGTATGGCTGGTTGCGGTC', 'spid': 'SP180', 'cov': '8'}",10
"","{'seq': 'CACGTCTGGCACATCTCATAGCTTGACGCACCC', 'spid': 'SP197', 'cov': '14'}",23
"","{'seq': 'GCGCAACGTGACGAGCGAGCCGCGACGGTAGC', 'spid': 'SP617', 'cov': '2'}",2
"","{'seq': 'GTTGCGGTGTTGCTGCCGCCGTTGTGACATAC', 'spid': 'SP194', 'cov': '8'}",16
"","{'seq': 'TTCGTGGCTAACGTGTCTTGCGCTGTCACCGC', 'spid': 'SP635', 'cov': '2'}",10
"","{'seq': 'ATCTCGTTGATAACGGGGATGTCAATCAGGAA', 'spid': 'SP200', 'cov': '19'}",25
"","{'seq': 'TCGGTGGCGGGGAAGCTGAAGTCGTTCGTGTT', 'spid': 'SP410', 'cov': '4'}",13
"","{'seq': 'TACGCGAACCACTTCGTGTCCTGCACGATATC', 'spid': 'SP209', 'cov': '14'}",28
"","{'seq': 'CGATGACGCGGTGTTCTCGATGCTCAGGCATC', 'spid': 'SP221', 'cov': '12'}",19
"","{'seq': 'TCCGCCTCCGACTGGGTGGAAGCGTGGCGAAC', 'spid': 'SP261', 'cov': '11'}",16
"","{'seq': 'TCGCCCACAAGTCCCAGCACTGGGCGCCATAA', 'spid': 'SP237', 'cov': '7'}",11
"","{'seq': 'GTCGGCCGCGTCCATGTCCACGAACTCCAGTG', 'spid': 'SP559', 'cov': '4'}",16
"","{'seq': 'TCGCGTAGGGCGTCACAAACGGCCGCGCTTTC', 'spid': 'SP676', 'cov': '7'}",14
"","{'seq': 'GGCCGCACCATCACGAGCAAGGCCGAGGAAGC', 'spid': 'SP321', 'cov': '4'}",7
"","{'seq': 'GTCTTGTCGAAACTGCGGAACGCATAATCACC', 'spid': 'SP295', 'cov': '8'}",14
"","{'seq': 'CGAACCTTCAACAGTTGGGAGCCTGTCATGTC', 'spid': 'SP274', 'cov': '5'}",11
"","{'seq': 'TCCTGCGATGCCGCATCGGGCAGGATCGTCAC', 'spid': 'SP277', 'cov': '10'}",16
"","{'seq': 'GAACGGTGTTTCTGTTGCCATGATGGTATGCC', 'spid': 'SP430', 'cov': '8'}",17
"","{'seq': 'CCTGCGGCCGATTCCAGTGCGTCGGCTATCTC', 'spid': 'SP721', 'cov': '1'}",4
"","{'seq': 'GCGTTACCGTCACGGGCGGTGATACCGACAGT', 'spid': 'SP285', 'cov': '6'}",10
"","{'seq': 'GGTACCGTAAGTGGAGTTAATCAGCGTCAGCA', 'spid': 'SP290', 'cov': '2'}",5
"","{'seq': 'CAAACCGCAGTATCAACAATACCGCCGCCCAA', 'spid': 'SP402', 'cov': '11'}",14
"","{'seq': 'GTCGTTGAGTCGTTTGGCGAGTTCTGCGGCCA', 'spid': 'SP327', 'cov': '10'}",15
"","{'seq': 'CGTAAGCGTTTTGAAGGTTTCGGGGGAGGTTA', 'spid': 'SP830', 'cov': '2'}",7
"","{'seq': 'CAGGGCGTTGTCAAGGACGTGTTTGTACTGGA', 'spid': 'SP335', 'cov': '12'}",20
"","{'seq': 'TCCCACGGGAAGACGCGAAAAGCATGCCGCGTC', 'spid': 'SP690', 'cov': '5'}",11
"","{'seq': 'GGGGCGGCTTCGGAGCATCGGTCAGTTGTCCG', 'spid': 'SP546', 'cov': '5'}",8
"","{'seq': 'GGTGTATGGGGCACGTTCAACATCCGTGGGCA', 'spid': 'SP391', 'cov': '9'}",10
"","{'seq': 'CTACTGACAAGTTCCTGATTGACATTCCGGTC', 'spid': 'SP459', 'cov': '2'}",15
"","{'seq': 'TAATACATTGCGTCAAGGTCGGCGGCGCGCGC', 'spid': 'SP462', 'cov': '6'}",19
"","{'seq': 'TCGGCGGCTGGAAGTTCCGCAAATCATGTGGA', 'spid': 'SP400', 'cov': '11'}",17
"","{'seq': 'GCCCCAGTCCATGTTGCGGCCCGCGACCCAGC', 'spid': 'SP416', 'cov': '6'}",11
"","{'seq': 'TCCTGAACTGTGCTACCCCAGTAGAGATTCTC', 'spid': 'SP423', 'cov': '5'}",8
"{'gid': 'G33', 'drseq': 'AGTTTTAGTACTTTGTAAATTCTTAATGTGATAAAACT'}"
"","{'seq': 'TGCTGGACTTGGCCAGCGTAACTGTCCC', 'spid': 'SP6', 'cov': '1'}",4
"","{'seq': 'CACGATCATTAGGGCGATTAATGCCATT', 'spid': 'SP24', 'cov': '1'}",4
"","{'seq': 'CTGACCGCCACCCTGCCCATAGTACTTG', 'spid': 'SP11', 'cov': '4'}",5
"","{'seq': 'GAGCAGTATAAAAAAATGCTTTCTGATT', 'spid': 'SP15', 'cov': '2'}",4
"","{'seq': 'GTATAATTCCCAACCGTTTTTCTGCGC', 'spid': 'SP18', 'cov': '6'}",7
"","{'seq': 'TAATTTAACGGTTAACCAATTTCCAGC', 'spid': 'SP37', 'cov': '1'}",2
"{'gid': 'G34', 'drseq': 'GCCGTCGCCCTCCGTGAGGGCGTGAGTTGAAATGA'}"
"","{'seq': 'AACTTCTACAGCATCGGTGGAAACTCTGGCC', 'spid': 'SP5', 'cov': '3'}",7
"","{'seq': 'CGCTTGGTGCGCAAAAAAAATAACCAAT', 'spid': 'SP8', 'cov': '1'}",2
"","{'seq': 'TTTGACGAAGAAACCTACAGAAAATGTC', 'spid': 'SP15', 'cov': '2'}",3
"","{'seq': 'AATCAATGCACGCAGAGAAGCAGAGCGAACA', 'spid': 'SP29', 'cov': '2'}",8
"","{'seq': 'AATCAATGGAGCAAAACGGGAGCTTCA', 'spid': 'SP41', 'cov': '1'}",9
"","{'seq': 'TACGGAATGCTCAGAGGTCTTGGACAGT', 'spid': 'SP39', 'cov': '1'}",4
"","{'seq': 'ATCATCTCCTTTTAATAATCCGAAAAATTC', 'spid': 'SP35', 'cov': '1'}",1
"{'gid': 'G35', 'drseq': 'AGTCACACCCTGCGTGGGTGTGTGGATTGAAAC'}"
"","{'seq': 'ATGTACGGCGGTATTTCAAGCACAAGATGTACG', 'spid': 'SP4', 'cov': '31'}",49
"","{'seq': 'TGTTTTACACTTGGAATCCGTTTGACTAGCTC', 'spid': 'SP7', 'cov': '31'}",62
"","{'seq': 'CTGGAATGAAGATTAGAAAAGATCTGGCTGAT', 'spid': 'SP11', 'cov': '20'}",42
"","{'seq': 'TAACAATCGCAGTACTATCGTCATTGCGAGCAG', 'spid': 'SP15', 'cov': '28'}",43
"","{'seq': 'AGCATTAATCATAGCAGCACGGGCTTGAGCCATA', 'spid': 'SP81', 'cov': '10'}",40
"","{'seq': 'ATCAATTATTTGTTCAGTAGGACAGAATACAAG', 'spid': 'SP22', 'cov': '25'}",41
"","{'seq': 'ATCAGACATATCATCCATAGCAGTAGATTGA', 'spid': 'SP184', 'cov': '18'}",46
"","{'seq': 'GTATCCATAGCCACAATCACAGTTGTATATAC', 'spid': 'SP33', 'cov': '49'}",85
"","{'seq': 'TCGAATACATGGTGTGCCATAACACATCACCAA', 'spid': 'SP36', 'cov': '51'}",75
"","{'seq': 'GAATCCCAGAGAGAAGACAAGCCACGAGCACGA', 'spid': 'SP87', 'cov': '15'}",32
"","{'seq': 'TGTGATGGGAACAGAAGGGGATGGGCTTCCT', 'spid': 'SP105', 'cov': '24'}",35
"","{'seq': 'GAACATTGTTGGTTTGTTACGCTAACCTATGAT', 'spid': 'SP145', 'cov': '2'}",2
"","{'seq': 'TTGTCCATAAACGCTGAACTCACACAATATCCC', 'spid': 'SP148', 'cov': '2'}",2
"{'gid': 'G39', 'drseq': 'ATTGAGAAATGTAGTTCCCCGACAGGGGACGGAAAT'}"
"","{'seq': 'ATTGTTGTGTTTGCCATAATAAACGACCTCCGTATT', 'spid': 'SP180', 'cov': '6'}",12
"","{'seq': 'GTAGAGATTACAAGAGAAAGCAGAAGTTTTGATA', 'spid': 'SP6', 'cov': '3'}",9
"","{'seq': 'TAATTTCGCTCATATCTAGCTAATTTCTCCTTATT', 'spid': 'SP40', 'cov': '6'}",12
"","{'seq': 'TATTTTGTCAGCGCACACTGCAATCGGGTCAATC', 'spid': 'SP12', 'cov': '8'}",12
"","{'seq': 'TTATTGTTTCTACTCCTTAATTACAACATTATTT', 'spid': 'SP37', 'cov': '1'}",9
"","{'seq': 'ATGATATTTTCTGATTTCAACATAATTAACTACCCC', 'spid': 'SP19', 'cov': '3'}",7
"","{'seq': 'GAAATCTTAAAGCAGACAGAAATTTAAAACAGT', 'spid': 'SP30', 'cov': '2'}",4
"","{'seq': 'ACTGTACTTGTTGCACCTCCGAAACAATCAGAAAGA', 'spid': 'SP26', 'cov': '2'}",3
"","{'seq': 'GGCTATTTAAGAAGTTCGTCTGTTGTAGTGTCGAACAA', 'spid': 'SP74', 'cov': '5'}",11
"","{'seq': 'TTTCTCCTTATTTGTCTTTACAATTAGCAGATAGA', 'spid': 'SP52', 'cov': '2'}",5
"","{'seq': 'GTTTTGAAATTCTGCCATTAAATCATCAGGGATATT', 'spid': 'SP48', 'cov': '11'}",15
"","{'seq': 'CATTCCATGCCAAGTAGCGGACAAAACCTGTGAT', 'spid': 'SP92', 'cov': '6'}",16
"","{'seq': 'CATTGTGTAATAACTCATAGCTTATTCTCCTTTT', 'spid': 'SP55', 'cov': '1'}",4
"","{'seq': 'CATTGTGTAATAACTCATAGCTTATTCTCCTTTA', 'spid': 'SP106', 'cov': '1'}",3
"","{'seq': 'AAAAAAGAAAGTGATATCCAAACGAGCAA', 'spid': 'SP186', 'cov': '4'}",10
"","{'seq': 'CCTGTGACTACGTATTTATGAGATACGGGTTCTACC', 'spid': 'SP61', 'cov': '12'}",15
"","{'seq': 'GAGGTGAACAGGTTGAAAAAAGTAGACTGGTCGAT', 'spid': 'SP133', 'cov': '4'}",8
"","{'seq': 'GTATTTTTCCGCTGATTCATTATTTTTCTGTGTTAAA', 'spid': 'SP72', 'cov': '2'}",4
"","{'seq': 'TATTAAATGGGATTTTTTATGTATTTTATACCGC', 'spid': 'SP68', 'cov': '3'}",5
"","{'seq': 'TCTGTTCCGTACACGTCATTAATATGTTGCATCTGCTC', 'spid': 'SP176', 'cov': '3'}",10
"","{'seq': 'CATAGGGAAGTAAAGCAAGAAAGCTTTACTAATG', 'spid': 'SP79', 'cov': '3'}",3
"","{'seq': 'CGGGAAGCACTTTGCATTTAAAATAGTTCTTGTTT', 'spid': 'SP143', 'cov': '2'}",3
"","{'seq': 'CATGCACTTCAGTTGTGCCGTTACTGTCAATA', 'spid': 'SP88', 'cov': '4'}",7
"","{'seq': 'GTTTATACATTGCTTCGACAAGTCCAATCGTATCATAACA', 'spid': 'SP99', 'cov': '6'}",10
"","{'seq': 'GTGTTATCCGGAACTTCTAATATAGACACTCTCAC', 'spid': 'SP130', 'cov': '4'}",8
"","{'seq': 'GTGTTATCCGGAACTTCTAATATAGACACTCTCAT', 'spid': 'SP167', 'cov': '1'}",7
"","{'seq': 'GGTTATTATTTCATTGAAGAATTACGAAAATA', 'spid': 'SP103', 'cov': '5'}",5
"","{'seq': 'TTGTAGTAACCTGTCACAGCTTCAGTGCCGAAAT', 'spid': 'SP125', 'cov': '4'}",12
"","{'seq': 'AGAGTAAACAACATAAGAGCATAAATTTCCTGTA', 'spid': 'SP111', 'cov': '6'}",9
"","{'seq': 'TTTTTTGATATCGTCAAGAGTATAGCCTTTTTCAGT', 'spid': 'SP114', 'cov': '3'}",5
"","{'seq': 'TAGCCGTTGACAACATTTCAAAAGAAACAAAACGGT', 'spid': 'SP120', 'cov': '2'}",5
"","{'seq': 'CTGCACGATTGCCATTGCGACTGCACCTGTG', 'spid': 'SP139', 'cov': '6'}",6
"","{'seq': 'TGGTAATGGCAACTGAACGATAATACCATCTGCTACACA', 'spid': 'SP164', 'cov': '1'}",1
"","{'seq': 'ATGTAACTGTTTTTTCATGTGCAGAAAATGTATG', 'spid': 'SP216', 'cov': '1'}",6
"","{'seq': 'TGAAAAGCTCGTCTTTTGTTGCATCATATTT', 'spid': 'SP197', 'cov': '3'}",7
"","{'seq': 'AGTATATTCCACTCTTTCAGTTTCACGAATATCCAGT', 'spid': 'SP211', 'cov': '1'}",1
"","{'seq': 'ATGTATAAAATTCGTGCCATGAAAAACGATGAACGT', 'spid': 'SP236', 'cov': '1'}",1
"","{'seq': 'TTTTTCCTGGTCATATTTCCAAGCGTTTTCGTTTTCATC', 'spid': 'SP241', 'cov': '1'}",1
"{'gid': 'G46', 'drseq': 'GCAGAGATCATAACGCTACGAGCTATAGCACTGAAAC'}"
"","{'seq': 'GAGTATCTTGGCGGTTCGTCTGCTCGCATTTCGAT', 'spid': 'SP6', 'cov': '5'}",10
"","{'seq': 'TCCTATTGCGCTCAGTAGCTAAAGCAGAATTCTCA', 'spid': 'SP99', 'cov': '2'}",9
"","{'seq': 'GTAATTTTCTTCGTCACATAACGAGCAACGTAAG', 'spid': 'SP12', 'cov': '2'}",3
"","{'seq': 'TAGGGGTGCCTCAGGCTACCTTATGTGTTTTTTTA', 'spid': 'SP21', 'cov': '7'}",10
"","{'seq': 'ACTTCACCGGAAACCGTGGTATGGGCGTGCTTTAT', 'spid': 'SP33', 'cov': '7'}",13
"","{'seq': 'CGCATGGGCGTAGCACGAGTGTTCAAAGTCTTCGT', 'spid': 'SP72', 'cov': '3'}",4
"","{'seq': 'AACCTGACATATCACTGTCCTAAAGCAAAAATAACG', 'spid': 'SP68', 'cov': '4'}",6
"","{'seq': 'CATTTGTCGATGCTTCCACCAACATCGGCGTTAACG', 'spid': 'SP45', 'cov': '1'}",1
"","{'seq': 'AAAGCTCTATGAACGCGATGCCCGCGGAGGCACG', 'spid': 'SP65', 'cov': '4'}",6
"","{'seq': 'GAATACCTTGGCGGTTCGTCTGCTCGAATTTCGA', 'spid': 'SP58', 'cov': '3'}",5
"","{'seq': 'TCCTCAGGCAAATGAGCATCATCATAAGTCAGCGT', 'spid': 'SP81', 'cov': '1'}",3
"","{'seq': 'TGAAAACTATCAGAAACGACACCATAAGCCGCCAAA', 'spid': 'SP78', 'cov': '3'}",6
"{'gid': 'G48', 'drseq': 'AGTCGCACCCCGTGTGGGTGCGTGGATTGAAAC'}"
"","{'seq': 'GTTTGGACAGAGATAAATTTTCGTAAGTCAAAGAT', 'spid': 'SP23', 'cov': '1'}",4
"","{'seq': 'TTCACTGGCACCGTTCTCTATCGCATTCCGAT', 'spid': 'SP6', 'cov': '2'}",4
"","{'seq': 'CCCGTATGGTCAGTCGCTTTGGTAGCGATAAGGATG', 'spid': 'SP12', 'cov': '2'}",7
"","{'seq': 'TACAGATACGGTCCAAGAACCAACGGTCGTGAG', 'spid': 'SP15', 'cov': '2'}",2
"","{'seq': 'TTCCTTTTTTCCACAATAAAAAGCGTATTTAT', 'spid': 'SP33', 'cov': '2'}",3
"","{'seq': 'AATTTTTGATGGAGCGAAAGGTATAATGACCACA', 'spid': 'SP20', 'cov': '3'}",3
"","{'seq': 'CATGAGTGTATGCGCTATTACCTTACGCCACAGA', 'spid': 'SP27', 'cov': '6'}",7
"","{'seq': 'GATTAGGTCCGGATGATATGTCTCGAACATAT', 'spid': 'SP31', 'cov': '2'}",6
"{'gid': 'G50', 'drseq': 'ATTAAAATAGAGACATAATGGAATGTAAAT'}"
"","{'seq': 'TGAACTCGTCCACCATAGCACTAACCATCGTTTTTA', 'spid': 'SP6', 'cov': '3'}",4
"","{'seq': 'TTAACTGGCTCATCGTTAACCGCTTCCGCTATTTT', 'spid': 'SP9', 'cov': '4'}",4
"","{'seq': 'GAAGGTGGAACGGTAGCGGTTTCCAGTGTGGGGACA', 'spid': 'SP17', 'cov': '3'}",5
"","{'seq': 'AGAGGTGATGTATCATCCACATTATTCGCATTAG', 'spid': 'SP20', 'cov': '2'}",4
"","{'seq': 'TTACTCGGTCTACTTCTGTATTGATGTACTCATAGCG', 'spid': 'SP53', 'cov': '2'}",6
"","{'seq': 'AACTCTACCTTATATATAGTAATCACGGTTTTGT', 'spid': 'SP27', 'cov': '1'}",2
"","{'seq': 'GAAAAATACCATGTAGGAATTTAGTATTTTTTTAG', 'spid': 'SP30', 'cov': '1'}",2
"","{'seq': 'GTTGATTGCTTGATTGATTATATCAGAGGTGGTCAGG', 'spid': 'SP35', 'cov': '1'}",2
"","{'seq': 'GAAACTGCTGTCTGAACTGTTGAAACTGCTGTATC', 'spid': 'SP41', 'cov': '1'}",4
"","{'seq': 'TACAATTTGATGAAGAAACGGGACTACCGTTCAAA', 'spid': 'SP51', 'cov': '1'}",1
"","{'seq': 'AACATGGGCAAGGCAAAAGAAATCATCAGAAATTAC', 'spid': 'SP67', 'cov': '1'}",2
"","{'seq': 'ATAATTTCGGGTTCCAAATTGTTTGCAGTCTCAAT', 'spid': 'SP60', 'cov': '1'}",2
"{'gid': 'G52', 'drseq': 'AAAGTTTCAATTCTACCTTAGTTCAATTAAAAG'}"
"","{'seq': 'TGACATGCACGATCCTATTGGGAAAATTATAAA', 'spid': 'SP5', 'cov': '3'}",3
"","{'seq': 'CCGGTACTTGTTAACCGTTTCCATGAGTTTAAC', 'spid': 'SP8', 'cov': '2'}",2
"","{'seq': 'AATGGTGCCTTCGGCAGTAGTCTAATACGTCTT', 'spid': 'SP14', 'cov': '1'}",1
"","{'seq': 'ACCGATCTGTCATGAAAGTTATAATGGGGAAAT', 'spid': 'SP19', 'cov': '1'}",1
"","{'seq': 'CTTAAAGTAAAAGAAATACAGGTATTAAAAGA', 'spid': 'SP24', 'cov': '1'}",1
"","{'seq': 'CTCCTCCGGCAATGGCGCTAAGATCGGCTCCTC', 'spid': 'SP30', 'cov': '1'}",1
"","{'seq': 'CATATCGCTTCAAACCGATAATCTTCCACATAA', 'spid': 'SP34', 'cov': '1'}",1
"","{'seq': 'TTTCTTGCAAACATCGGCATTGGATATTCTGG', 'spid': 'SP42', 'cov': '1'}",1
"","{'seq': 'CTCTTTCTTTTACACTTTAAAGTTACGCATAAA', 'spid': 'SP45', 'cov': '1'}",1
"","{'seq': 'ATTTTTCCTGCATTTTCTCCATCAGTTTTTCCT', 'spid': 'SP54', 'cov': '2'}",2
"","{'seq': 'TTCGGACGATGATTTCAGGCCCTTTGACGTGTA', 'spid': 'SP65', 'cov': '2'}",2
"","{'seq': 'TCGACCTGTACACCCAAAAAGTAAAGCAACT', 'spid': 'SP68', 'cov': '2'}",2
"{'gid': 'G53', 'drseq': 'ATTTCAACTCACACGCTCCGTGGGGAGCGTGAC'}"
"","{'seq': 'GCGACTGTCATTTTCTTATTCCTCCAACAACGCCGT', 'spid': 'SP10', 'cov': '7'}",14
"","{'seq': 'TTAACACGTCAGTCAAATTTATTGTAGTTGATGT', 'spid': 'SP6', 'cov': '12'}",22
"","{'seq': 'TCTGTATTTGCATTATAACATGCAGAAAGGAAA', 'spid': 'SP63', 'cov': '11'}",23
"","{'seq': 'CAAAGCGGACAACCGGTAAGAAAAACAATGGACG', 'spid': 'SP15', 'cov': '10'}",15
"","{'seq': 'ACAGGAGTAAGGGTGCTTGTAAAGTTTACTTAT', 'spid': 'SP18', 'cov': '5'}",10
"","{'seq': 'AAGGTGTTGACGAAGTCACCATCGTTGAATTTGAC', 'spid': 'SP23', 'cov': '9'}",22
"","{'seq': 'ACAGTCTTATCCAACGTGGGGAATGGTAACAAACA', 'spid': 'SP43', 'cov': '5'}",16
"","{'seq': 'CTAATCCAAACATTTTATTAAATGGTGTTTTAGCC', 'spid': 'SP36', 'cov': '5'}",13
"","{'seq': 'ATGTATGGTTTGCCAAAGTATCAAATCCCATATTA', 'spid': 'SP71', 'cov': '6'}",11
"","{'seq': 'TTCCTTAAAATGTCCATTATCGCCAGCATTTCATCAT', 'spid': 'SP46', 'cov': '6'}",9
"","{'seq': 'TTGTCGTGCATTGTGGCACGGATAATATTTTTGTTA', 'spid': 'SP52', 'cov': '12'}",16
"","{'seq': 'CTCCCTCATTATTTTTTCAAGTTCGTCATTATC', 'spid': 'SP75', 'cov': '1'}",1
"{'gid': 'G59', 'drseq': 'GTTTGAGAACCTTGTAAGTTTGTAATGGTGTAAAAC'}"
"","{'seq': 'TGATCTTTACCATGCTGTGTGTCCTCAAA', 'spid': 'SP63', 'cov': '4'}",6
"","{'seq': 'GATAATAAAGTGCTTGATACGTTAGTTCCG', 'spid': 'SP35', 'cov': '4'}",8
"","{'seq': 'TGTAATAAGCTGTCATGTATGAGCTTACA', 'spid': 'SP12', 'cov': '4'}",7
"","{'seq': 'AAACTACAAATTATCTCAGCAGATAAAAAA', 'spid': 'SP128', 'cov': '1'}",4
"","{'seq': 'CATAAAGGCTAACTTGCTGTTGAATACGTT', 'spid': 'SP75', 'cov': '4'}",7
"","{'seq': 'CTTCAATTTTGCAATGAAATAGTATATTCA', 'spid': 'SP19', 'cov': '4'}",8
"","{'seq': 'ATAATTTCGTCAACTGTTTTAACTGCCAT', 'spid': 'SP58', 'cov': '2'}",6
"","{'seq': 'TTCTTGTATTTTATTGTCAATGTATAATTT', 'spid': 'SP98', 'cov': '1'}",6
"","{'seq': 'AAATTCTACGTTTCAAAAGTTTTACAGTCG', 'spid': 'SP24', 'cov': '3'}",5
"","{'seq': 'TCGATAGCCCAGCTATCAACATCACGCCA', 'spid': 'SP27', 'cov': '4'}",5
"","{'seq': 'ATTCTCAGCTGTTAATTTCAGTGTCTGGAT', 'spid': 'SP38', 'cov': '2'}",5
"","{'seq': 'TGATAACCGTAAATTTCATTTCCGTTAGC', 'spid': 'SP113', 'cov': '1'}",4
"","{'seq': 'TGCGTTTCAGAATTAATCCAGAACGACGCA', 'spid': 'SP44', 'cov': '9'}",9
"","{'seq': 'GTTAATGCTTGCATGCGTTGGTTTACAATA', 'spid': 'SP117', 'cov': '3'}",4
"","{'seq': 'TAACAAGCGCAAACAATCTGGATCTTGGAT', 'spid': 'SP52', 'cov': '3'}",7
"","{'seq': 'TAGAAGAATTTTTGTATTCTCAAGTAATAC', 'spid': 'SP66', 'cov': '2'}",6
"","{'seq': 'GTTGTTTCTCGTCCTCGTGTGTCAGGTACT', 'spid': 'SP80', 'cov': '7'}",7
"","{'seq': 'GGCAGCCAGTTGGTCAGCCAATTCAGAACG', 'spid': 'SP83', 'cov': '4'}",8
"","{'seq': 'TATTCATAAAGTCCGGCTATCGTAATTCTA', 'spid': 'SP87', 'cov': '3'}",6
"","{'seq': 'AGCAGAAGACATCTGTAAATAAGATGGCAA', 'spid': 'SP96', 'cov': '3'}",3
"{'gid': 'G68', 'drseq': 'ATTTCAATCCACGCTCCCGCGAAGGGAGCGAC'}"
"","{'seq': 'GCATCTGATTCGCCGGATGCGACGTCCGTGTAG', 'spid': 'SP365', 'cov': '1'}",5
"","{'seq': 'GAACGATGGCCCACTAGCACCGCTTAATTCTATG', 'spid': 'SP6', 'cov': '3'}",5
"","{'seq': 'CATCTTTTCGACGCCGATCCGCGACCGGAGCCACG', 'spid': 'SP438', 'cov': '1'}",1
"","{'seq': 'AGGGCGTTATCATATGCGCTGCAAAGGCAGACGGA', 'spid': 'SP9', 'cov': '4'}",5
"","{'seq': 'GATCTCAACTCGTCTGTTATCCAGCATTTTCAGCAG', 'spid': 'SP196', 'cov': '2'}",3
"","{'seq': 'AATAACCAGGATCTGACGGCAGCGAAATAATATG', 'spid': 'SP14', 'cov': '2'}",3
"","{'seq': 'GTGGGTCGTTGGAAAGGATAATGTAGGCGTTC', 'spid': 'SP19', 'cov': '3'}",12
"","{'seq': 'CCCAGTGTTGCCAGCACTCCGGCAACAAAAGGTG', 'spid': 'SP216', 'cov': '3'}",7
"","{'seq': 'ATCATGACTGGTGGCGTATGTAAACATGTTAGTAAA', 'spid': 'SP27', 'cov': '4'}",12
"","{'seq': 'GCCCACTCGGTGTGAATGGCCGCGCCGTCGTCCGA', 'spid': 'SP164', 'cov': '5'}",19
"","{'seq': 'CACTGTGATCCCGGATGCAGCCATCAACTGCTGGA', 'spid': 'SP36', 'cov': '2'}",2
"","{'seq': 'ATCCCGCCCCACTTCCATCTCATCCACTGCAGC', 'spid': 'SP399', 'cov': '1'}",21
"","{'seq': 'TCGAGCGCAAACTCCATAATAAACAGACAGACATT', 'spid': 'SP44', 'cov': '7'}",17
"","{'seq': 'GAAAGCGTTCCGGGCGCGGAACTCGTGGAAAATAT', 'spid': 'SP113', 'cov': '7'}",12
"","{'seq': 'CCCACGCAGAGTTCGATATCTGCAGGGCACCTGC', 'spid': 'SP50', 'cov': '3'}",3
"","{'seq': 'GCGCGAGTTACGAGACGCGGACGAGTGGGAGGTGCT', 'spid': 'SP56', 'cov': '7'}",15
"","{'seq': 'GTCCGGCAAAGGTGCCGGCGAAATTGCAGCTTACCT', 'spid': 'SP62', 'cov': '8'}",14
"","{'seq': 'GGGTATAGATGGCCGGGTTGCTGCCCTCGGTGTA', 'spid': 'SP70', 'cov': '1'}",1
"","{'seq': 'TGGGGTCCTCGGGATCTTTGGTGCCGCCGTTCGGG', 'spid': 'SP73', 'cov': '1'}",1
"","{'seq': 'AGATATTCGCGGATTTTCATACTTTTTACCTCCCT', 'spid': 'SP144', 'cov': '3'}",13
"","{'seq': 'TTGGTCATCATACGTTCAGACTGATTGGGTTGA', 'spid': 'SP410', 'cov': '1'}",2
"","{'seq': 'GTCATAATCGCAGTTTCGACTACAAAGTTACTACC', 'spid': 'SP85', 'cov': '1'}",1
"","{'seq': 'TCGGACAGCGCATTGACAAGGAGATTCAGGACA', 'spid': 'SP88', 'cov': '1'}",1
"","{'seq': 'CGGGTCAATGCTGACCGCCTTGGTAGCCATGTT', 'spid': 'SP137', 'cov': '7'}",10
"","{'seq': 'ATTGTGCGATCCTATAAAACAAAAGTGGAAGTTTT', 'spid': 'SP207', 'cov': '2'}",3
"","{'seq': 'GCAGCGTCGATCGGGATTGAACCGCAGATCGTA', 'spid': 'SP100', 'cov': '1'}",1
"","{'seq': 'GACCATATCTCTATCCATGCATCACGGATTTGCT', 'spid': 'SP110', 'cov': '1'}",2
"","{'seq': 'ATGTGCAGAGGATCGGTAAAAAAACAATTACATC', 'spid': 'SP106', 'cov': '2'}",2
"","{'seq': 'ATCAGGCGCAAGCACTTTTTCCACCGGGCAGCCCG', 'spid': 'SP116', 'cov': '6'}",9
"","{'seq': 'ATCAGGCGCAAGCACTTTTTCCACCGGGCAGCCCT', 'spid': 'SP200', 'cov': '1'}",8
"","{'seq': 'ACAAGATCACGATCCGGTACCGTCCTGGGATAACA', 'spid': 'SP123', 'cov': '1'}",1
"","{'seq': 'TAAAAATGCTGGCTGATATGTTCTTGAGAAACTAT', 'spid': 'SP126', 'cov': '1'}",1
"","{'seq': 'TTCTTGATATGCCCGGCTACCGTTTCTACTTTAT', 'spid': 'SP132', 'cov': '1'}",1
"","{'seq': 'CATTTAGCGTAGTATAATAAGTACAGAACAAGA', 'spid': 'SP447', 'cov': '1'}",4
"","{'seq': 'ACTGCGCGCCGTTCATGGACATGGGCAAGAGCGTGA', 'spid': 'SP142', 'cov': '1'}",1
"","{'seq': 'CAGAGAGACAAGCGCAAGCGGGAAAAGCACAAGC', 'spid': 'SP149', 'cov': '2'}",3
"","{'seq': 'GCATCGTTGAGGAGCATCTGGTAGTGGATCGGGA', 'spid': 'SP182', 'cov': '2'}",3
"","{'seq': 'CAAGGCATACGCTCACGGCGTTCTGACCTACCTGG', 'spid': 'SP187', 'cov': '2'}",3
"","{'seq': 'AGCTAAGCCTGTGCAGTATAACTTCTTCGGTCGG', 'spid': 'SP190', 'cov': '2'}",2
"","{'seq': 'ATTATGTTTTCTTGTTTGTGATTTAATCATAATC', 'spid': 'SP205', 'cov': '2'}",2
"","{'seq': 'GACTACCTTTGCGGACTGTCCGACAACCCGCATGA', 'spid': 'SP211', 'cov': '1'}",1
"","{'seq': 'GCAGAAACACGATATTGAGCGTTGGTACATTGA', 'spid': 'SP221', 'cov': '6'}",13
"","{'seq': 'ACCACGCTCGCCATCTCAGCGGTGCAGTCCTCGTA', 'spid': 'SP224', 'cov': '6'}",11
"","{'seq': 'CGGTGAGTGGAGCTGTGGTTGCTTCTGAAAA', 'spid': 'SP232', 'cov': '1'}",1
"","{'seq': 'GAGCTGATGCACAGCCGGAAGTAGGGTAAAAATG', 'spid': 'SP262', 'cov': '2'}",2
"","{'seq': 'GACACAGCAACAGAGTAAGGAGGTCTGAAACAT', 'spid': 'SP266', 'cov': '1'}",2
"","{'seq': 'TTTGTCTGCCGAGGAAAAAGCGGGGGACTGGGCG', 'spid': 'SP274', 'cov': '1'}",1
"","{'seq': 'AGAAGCCGCATGGCGTCTTCGTATGTGCCAGACGT', 'spid': 'SP277', 'cov': '1'}",1
"","{'seq': 'CGCGGGGCATTTGCTGAACCTGATCCAGAACAACACCG', 'spid': 'SP283', 'cov': '1'}",1
"","{'seq': 'GACCCCGCCTACGCAGCGGAGTAATGGCAAATAAAG', 'spid': 'SP288', 'cov': '1'}",1
"","{'seq': 'TCCCCCTTCGGCGGTTTCAGTGTCTGACCCAGCGA', 'spid': 'SP291', 'cov': '1'}",1
"","{'seq': 'CAAAACTTAATCCTCCCTCCCAAAGCCATCGACAA', 'spid': 'SP299', 'cov': '1'}",1
"","{'seq': 'CGGCAGACTGCCCGGAGGCAGTTTCGACTATATCA', 'spid': 'SP302', 'cov': '1'}",2
"","{'seq': 'CGTGGATGCCAGACAGCTTTCGTTAAACATTTAAACT', 'spid': 'SP306', 'cov': '1'}",1
"","{'seq': 'ATTGTAGACATTTTGTAGACGCAGATTAAATAAAA', 'spid': 'SP309', 'cov': '1'}",1
"","{'seq': 'CCACTCGTCAATCACCCAGTCTGCAGGATTGTTTGC', 'spid': 'SP314', 'cov': '1'}",1
"","{'seq': 'CGCCCGAGCGACGAAGATCCTCATCACGCCTACATG', 'spid': 'SP317', 'cov': '1'}",1
"","{'seq': 'ATACAACTTCCGTTGTTATATGTCAATAGGTTTTTT', 'spid': 'SP322', 'cov': '1'}",1
"","{'seq': 'AGCGCCCAGCTGACAATAGTTCGAGCGTAGTCCAT', 'spid': 'SP330', 'cov': '1'}",1
"","{'seq': 'GTGATGGTACTGGTGGCGGTGGTGGCACTGATCCG', 'spid': 'SP378', 'cov': '1'}",3
"","{'seq': 'CCGCTGGACACGAGCATCTTCAAGGCTGTTATCAT', 'spid': 'SP356', 'cov': '1'}",1
"","{'seq': 'CGCATCAGACCGTGCTTTGCGAGCATTTTGCTT', 'spid': 'SP368', 'cov': '1'}",2
"","{'seq': 'GAGGACGACGGAGCCGCAGCAGAGTGATAAGCAG', 'spid': 'SP362', 'cov': '1'}",1
"","{'seq': 'GCTGGGACTGCTGCAGCACCTTCTTTACAATGAG', 'spid': 'SP371', 'cov': '1'}",1
"","{'seq': 'GGTAGTAAAGGGGATCGGCGGGATCTACGAGTACCA', 'spid': 'SP375', 'cov': '1'}",1
"","{'seq': 'GTCCACGATTGCCTGTTCCTCTGCGCTCATATCT', 'spid': 'SP382', 'cov': '1'}",1
"","{'seq': 'TACCGATAGCGATGATAATAAGTATGTGTTGATC', 'spid': 'SP385', 'cov': '1'}",1
"","{'seq': 'CCGTTCGGCTCCCGTGCCGGTGGTATCAGTACATCA', 'spid': 'SP392', 'cov': '1'}",1
"","{'seq': 'GTAAAAGGAGTTTTAAAAAATGTGCCTTTAGCGTT', 'spid': 'SP407', 'cov': '1'}",2
"","{'seq': 'AAGTTATCCTATGAGGTCATCAAGATTGACGGT', 'spid': 'SP427', 'cov': '1'}",1
"","{'seq': 'AAAATCACTGTCACCGCAAAGGACAAGCAACTTTT', 'spid': 'SP430', 'cov': '1'}",1
"{'gid': 'G72', 'drseq': 'GGTTATCGTCCCCTTGCGGGGATAAGTTGCAATGCTGTA'}"
"","{'seq': 'GGCTTGGAACTGGACGTATTATTGTAGGA', 'spid': 'SP45', 'cov': '6'}",35
"","{'seq': 'CGCAATGCAGGCAGCGTCCGATTTCTGTG', 'spid': 'SP6', 'cov': '19'}",43
"","{'seq': 'AATGATCGAGTTTAAGGAAGAAGTACTC', 'spid': 'SP12', 'cov': '22'}",40
"","{'seq': 'AAGTTGTGCGGCGAGCCGATTGATGTGA', 'spid': 'SP24', 'cov': '1'}",1
"","{'seq': 'CAACGGTCAATAGTGACAATGGCACAG', 'spid': 'SP124', 'cov': '1'}",3
"","{'seq': 'TTGTATGTTGCCCAGTACACTGGACCAA', 'spid': 'SP49', 'cov': '12'}",39
"","{'seq': 'GGTTATTAAAGACTTACCGAAAATCAGA', 'spid': 'SP129', 'cov': '1'}",3
"","{'seq': 'CCACTATGAAGAACGATAAGAACATGA', 'spid': 'SP132', 'cov': '1'}",2
"{'gid': 'G85', 'drseq': 'GTTGTACGTTACCTATAAGGGATTGAAAC'}"
"","{'seq': 'AATTTCTTTTGATAAACCTTTTTCATTCCTTCCTTCAGTATTT', 'spid': 'SP21', 'cov': '1'}",4
"","{'seq': 'TTGCTCGGTTTGCAATTATATTTTCTAAATTCAATTTC', 'spid': 'SP6', 'cov': '3'}",3
"","{'seq': 'GATTTCCTCAAAATCGGCTTCTGATTCAATGCTGCCATTTT', 'spid': 'SP13', 'cov': '3'}",4
"","{'seq': 'ATGTATATCGTGGCACAACCAATTATTATTACTCCATATAAGT', 'spid': 'SP18', 'cov': '2'}",3
"{'gid': 'G92', 'drseq': 'AATTTCAATCCACGTTCCCGCGTGGGGAACGAC'}"
"","{'seq': 'GCTACTGTCTGACCAGATCCATTTGTCAAAAT', 'spid': 'SP5', 'cov': '1'}",1
"","{'seq': 'CGTTTTTTACCGACATAAATTTACAATATGCTTC', 'spid': 'SP8', 'cov': '1'}",1
"","{'seq': 'GTAACCATGTTGCCCTTGCAGAACCATCTATC', 'spid': 'SP19', 'cov': '1'}",2
"","{'seq': 'CCTGTAGCAGCCATGTCACCGCAGGGTATGG', 'spid': 'SP13', 'cov': '2'}",2
"","{'seq': 'TGCGCATTGCCCTTGTCTTTCTTTTTACTTATT', 'spid': 'SP16', 'cov': '1'}",2
"","{'seq': 'TTCTATCCCGGACACGCTATTATTCACCGGCA', 'spid': 'SP23', 'cov': '1'}",1
"","{'seq': 'GTGGTATCATGGACTTGGTTGGACGTTATGCTGA', 'spid': 'SP29', 'cov': '4'}",4
"","{'seq': 'CAAATCGGCACATGCTGATCTCGTCAATAATA', 'spid': 'SP91', 'cov': '1'}",5
"","{'seq': 'AGGTTCTGACGCTGTCCATAAGGCTCCATAATTG', 'spid': 'SP36', 'cov': '4'}",4
"","{'seq': 'CGTAAATCTCTGGGGCATTGATCTGATAGTCCTG', 'spid': 'SP95', 'cov': '1'}",3
"","{'seq': 'AGTTATAGTTTGATTATCTGTTAATCCCTTTAA', 'spid': 'SP97', 'cov': '1'}",2
"","{'seq': 'AAAACGTGACTTTTGGCCTTGCTGTAAGTATAT', 'spid': 'SP46', 'cov': '1'}",2
"","{'seq': 'TTTAGCCATAAGCTCATATTTACTCATTTCCAT', 'spid': 'SP53', 'cov': '1'}",2
"","{'seq': 'AATTATAGCTTAGCAGATATTGCCGCTGCTACT', 'spid': 'SP57', 'cov': '1'}",1
"","{'seq': 'GGCAACAGCTCTTTAATATTCATGGTTTTAATTCC', 'spid': 'SP62', 'cov': '3'}",3
"","{'seq': 'ACCTGCTTTCCAGTGCTGCCCTGTCAGCTTGCC', 'spid': 'SP66', 'cov': '2'}",2
"","{'seq': 'AGAGAACGCAAGGCTCCTTGTAAAGTATCTGGC', 'spid': 'SP78', 'cov': '2'}",2
"","{'seq': 'GATTCTGCATCATGTTTGTCCAAGCGCTAGTAA', 'spid': 'SP83', 'cov': '1'}",1
"","{'seq': 'TTTTGTGTGGTATGGTTTAGGTCATGCTGGGTT', 'spid': 'SP88', 'cov': '1'}",1
"{'gid': 'G93', 'drseq': 'AGCGTCATCCTCTTTGTGAGGATGTGAGTTGAAAT'}"
"","{'seq': 'ATATGATGACGTATCTAAATATGGCGAATTT', 'spid': 'SP5', 'cov': '4'}",10
"","{'seq': 'TCCGATGTTTTCTAAATGCTTTTTAATTGA', 'spid': 'SP8', 'cov': '12'}",13
"","{'seq': 'GTGTCAGTGCGCGCTGATATAAGTGCAACA', 'spid': 'SP36', 'cov': '4'}",10
"{'gid': 'G105', 'drseq': 'GTTTGAGAGTAGTGTAATCTTCAATGGTACTCAAAC'}"
"","{'seq': 'TTGACATTACTAATAGAGGTAATGCTCCA', 'spid': 'SP23', 'cov': '10'}",20
"","{'seq': 'CAGCATACTCCACCCATGCTGTCCATGTG', 'spid': 'SP6', 'cov': '16'}",19
"","{'seq': 'GACCAGTTTGGACGGCTTAAAGTATTGCAA', 'spid': 'SP101', 'cov': '2'}",12
"","{'seq': 'GTTTTATGATAACTCTAGGGCTAGACCCCA', 'spid': 'SP18', 'cov': '8'}",14
"","{'seq': 'TATAAACCTTAAGGGCATCACCCATAATTT', 'spid': 'SP14', 'cov': '8'}",11
"","{'seq': 'ACTTGTATAAAACACTTTTTCCAGTTTGT', 'spid': 'SP89', 'cov': '3'}",6
"","{'seq': 'GTCCCGCTGTATCCACCGCTTAACATTGA', 'spid': 'SP27', 'cov': '10'}",13
"","{'seq': 'TGAGAAAGTTGTATTGTATCCGCTGCCCCA', 'spid': 'SP34', 'cov': '1'}",10
"","{'seq': 'AATTGCTAATTGCACAACAACAGAACAGTT', 'spid': 'SP66', 'cov': '4'}",9
"","{'seq': 'TTCATATAACCGTACTCTTTTTGCTGTACC', 'spid': 'SP93', 'cov': '3'}",6
"","{'seq': 'CAGGAATCACAGTGCGAAAAGCTGGAGTGG', 'spid': 'SP54', 'cov': '2'}",6
"","{'seq': 'AAAGGTGAACGAGTGCTTTCAACCGTTGGC', 'spid': 'SP77', 'cov': '5'}",9
"","{'seq': 'TGCTTCTGGGATTACTTCTGGTTCTTCCAGG', 'spid': 'SP118', 'cov': '1'}",1
"","{'seq': 'CTGTGAACGACATAGAGAATCGAGATTCCA', 'spid': 'SP121', 'cov': '1'}",1
"{'gid': 'G106', 'drseq': 'ATTATACCATACCAAGAGCTATTAGGGAACTATGAC'}"
"","{'seq': 'CAGCGGTACAAGCCATACCGGGGCGACCTA', 'spid': 'SP16', 'cov': '14'}",23
"","{'seq': 'ACAACACCTACGGCACAAAGCTGTACAAGT', 'spid': 'SP6', 'cov': '20'}",33
"","{'seq': 'TGCTGGACTTCTCGAAATAGATGTCCTTGC', 'spid': 'SP11', 'cov': '25'}",31
"","{'seq': 'TGAAAAGCTCGGCCAGGTCGTCGTCGCTGCG', 'spid': 'SP43', 'cov': '8'}",19
"","{'seq': 'ACCAAGCTTGGAGTATTTGTTTGCCATCTC', 'spid': 'SP24', 'cov': '4'}",4
"","{'seq': 'CATCATGCAGGGTGACAACGCGCTTGCAAAG', 'spid': 'SP31', 'cov': '20'}",32
"","{'seq': 'TTTCAGATAATCGACAATGTACTCCGATGC', 'spid': 'SP36', 'cov': '2'}",16
"{'gid': 'G107', 'drseq': 'ATTTAAATTCCACTGTGATTCTATTAATATCA'}"
"","{'seq': 'GGAACACCTGTTGGTGGTAAATATGAAAATCTA', 'spid': 'SP6', 'cov': '4'}",6
"","{'seq': 'TCAAAGATTTTCTTTTGTTCTGATGTCAATGCATG', 'spid': 'SP11', 'cov': '3'}",5
"","{'seq': 'GAACAACCAACACTGATTCAGAAACAGTTGTTT', 'spid': 'SP29', 'cov': '1'}",3
"","{'seq': 'ATCCTTCAATAATCATACAAACCATCCATGCTTC', 'spid': 'SP16', 'cov': '3'}",4
"","{'seq': 'TTCTACAAGACATGTATTAGTAATTGGTGCTAT', 'spid': 'SP25', 'cov': '1'}",1
"","{'seq': 'ACGCACCTGAAGCAGATACATCTACAACAACAGA', 'spid': 'SP33', 'cov': '1'}",1
"{'gid': 'G117', 'drseq': 'ATTTAAATTCCATTATGATTCTATTAATTC'}"
"","{'seq': 'AGTATATTTACTCATTATTAACACCGCCTTTATCATC', 'spid': 'SP5', 'cov': '1'}",3
"","{'seq': 'AAAGAAGCGGTTCTCGTATTCAGCATCATTCAAAGTG', 'spid': 'SP8', 'cov': '3'}",3
"","{'seq': 'CAAGTTAACATTTTCAGATATAGAGGAAGATAACGA', 'spid': 'SP15', 'cov': '1'}",1
"","{'seq': 'GTCTGTTACCATACAATGTTTGCAATCAATACATAC', 'spid': 'SP18', 'cov': '1'}",2
"","{'seq': 'GATTATGGCTGTAAAGCAATTAAACAAATAAGGAT', 'spid': 'SP83', 'cov': '1'}",2
"","{'seq': 'TAAGTATCCTAAAGAATTACATCGGCTTATGATAA', 'spid': 'SP23', 'cov': '2'}",6
"","{'seq': 'GGATATATGGTACTTGTCTTAATGGTTCAAATGGCATT', 'spid': 'SP26', 'cov': '2'}",5
"","{'seq': 'CCAGGTGTGAAATCATTCTCCTTTGCGACAAGAATAT', 'spid': 'SP32', 'cov': '1'}",1
"","{'seq': 'ATTCTACAGGCGGTGCAAGTCATGTTGGAATTTATGT', 'spid': 'SP38', 'cov': '1'}",2
"","{'seq': 'ATTTCTTATTTTTTAACTACTTTTTATCCTAGAAAAT', 'spid': 'SP41', 'cov': '2'}",2
"","{'seq': 'AAAACCCCAAATTCGACATTGCTACTTTTATTACCAT', 'spid': 'SP47', 'cov': '3'}",3
"","{'seq': 'TATGTCCAGTGTTGATTTAAGCCATCCTGATGCTC', 'spid': 'SP52', 'cov': '1'}",1
"","{'seq': 'AGATGCAACACCATGCAACACTCACATATGATATTA', 'spid': 'SP55', 'cov': '1'}",1
"","{'seq': 'GCCATATAACCACCTACTTAGCCATTACTTCAAAATG', 'spid': 'SP64', 'cov': '2'}",2
"","{'seq': 'ATCAGATGGTATCAAAGAATATACATGTAAGACGTG', 'spid': 'SP74', 'cov': '2'}",5
"{'gid': 'G130', 'drseq': 'ATTTCAATCCACGCCCTCCGTGGGGAGGGCGACAA'}"
"","{'seq': 'TTTAATCAAACGCAAGGTTATAAACATAACCGCA', 'spid': 'SP8', 'cov': '1'}",1
"","{'seq': 'TGAAACCGCCCGATAGAGCCGTCCAAGCACTTGT', 'spid': 'SP13', 'cov': '1'}",1
"","{'seq': 'AGGGAACGGGACTCAGGAAGCCCCCTCCACTG', 'spid': 'SP16', 'cov': '1'}",1
"","{'seq': 'CGTCCGCTTATCGGGTTGTGGTATTGCGTGT', 'spid': 'SP28', 'cov': '1'}",1
"","{'seq': 'TATTGGGTTCTGACAAACTGCAACGGCATGGAC', 'spid': 'SP35', 'cov': '1'}",1
"","{'seq': 'TGCGAAGTGACGGAAGAGCGCAACGGGGTGTAT', 'spid': 'SP38', 'cov': '1'}",1
"{'gid': 'G135', 'drseq': 'CCGGCTCATCCCCGCGCGGGCGGGGAAAACC'}"
"","{'seq': 'CGATGTTCAAGCATGGGCCGGATGTGTCGA', 'spid': 'SP5', 'cov': '1'}",1
"","{'seq': 'GCGTGTACGACATGGCGCGTGCCGTCGCTG', 'spid': 'SP11', 'cov': '1'}",1
"","{'seq': 'GTCCGTCGGTGCCGGTGAGGCCAGTGAGCG', 'spid': 'SP16', 'cov': '1'}",1
"","{'seq': 'CGGTCAACACCCACGGATCCATGGTCGTGT', 'spid': 'SP22', 'cov': '1'}",1
"","{'seq': 'AGATGAAGGAACGCTCTGCGTCGTCTCGGT', 'spid': 'SP25', 'cov': '1'}",1
"{'gid': 'G140', 'drseq': 'GTGTCAATGCCCTCTCGGGCTTATACCTCATTTCTACA'}"
"","{'seq': 'TGCGATAGGGCTGGATTCGAATTCTGGAATCCTGACG', 'spid': 'SP5', 'cov': '2'}",3
"","{'seq': 'ACTATCTTGTGAAGAAGATACGGGCATATCAGTACCT', 'spid': 'SP8', 'cov': '3'}",4
"","{'seq': 'GTAATTCAAGCATTAGAACGCCAAGTGAGTGAGTT', 'spid': 'SP12', 'cov': '1'}",2
"","{'seq': 'CGAGCAGTTCTTAAACAAGCTGCGATGATTGCTTCTGG', 'spid': 'SP15', 'cov': '3'}",4
"","{'seq': 'CTTTTAACTGGATTAAAAGAGTACTATCTTGCTATGAT', 'spid': 'SP19', 'cov': '2'}",2
"","{'seq': 'TATTGAATCCATAATATGTGACGCCGTACATTATGCAC', 'spid': 'SP26', 'cov': '3'}",3
"{'gid': 'G142', 'drseq': 'TGGGTTTGGAAGAAGATAAAATTACATGGTACTCAAACA'}"
"","{'seq': 'CAGGGAGTATTCATCATCAAAAAGTGC', 'spid': 'SP5', 'cov': '6'}",7
"","{'seq': 'TCCAGCGGTCTCGGCCACAGTCGCGG', 'spid': 'SP8', 'cov': '1'}",6
"","{'seq': 'GGGGTGTCCCCTTACAAGTCGGGGTCT', 'spid': 'SP14', 'cov': '3'}",6
"","{'seq': 'AGGAACAGCAGTCAACTTGCGGAAGTC', 'spid': 'SP20', 'cov': '2'}",2
"{'gid': 'G149', 'drseq': 'ATTTTTAATCTCTTTTCCCCAATAGGGGACGAAAACCAAA'}"
"","{'seq': 'ATGTATGCAACCGTTGACAAAACGGTTGAAAAT', 'spid': 'SP16', 'cov': '2'}",3
"","{'seq': 'TTTCACTTTTTTTCATGTTGACCACTCACTTTCA', 'spid': 'SP10', 'cov': '2'}",3
"","{'seq': 'GTAGTTACATACTACATCATAACCATGTAATTT', 'spid': 'SP13', 'cov': '1'}",1
"{'gid': 'G151', 'drseq': 'GTAACAACTCAAGCCCATAAGGGCATTGAAAC'}"
"","{'seq': 'CTTCATCTCCATCTACTGCATAATTGCTTGTTGT', 'spid': 'SP5', 'cov': '3'}",4
"","{'seq': 'TGTGCCTGCTGAGATGCTGCAAGCTGCAAGCCAA', 'spid': 'SP10', 'cov': '1'}",2
"","{'seq': 'ATTGACAGCATATTCCTTGCAAATGTTTGTGATA', 'spid': 'SP18', 'cov': '4'}",4
"","{'seq': 'CTCTACGTGATAGACAGGAGTTCCGATCTTAATC', 'spid': 'SP32', 'cov': '3'}",4
"","{'seq': 'AAGAATATCAGTCGGAATTGAAGCAGAAGATTAA', 'spid': 'SP23', 'cov': '1'}",1
"","{'seq': 'TCTAAGCTGTCTTTTTGTCTTTCGTATGTTCTCTT', 'spid': 'SP28', 'cov': '1'}",2
"{'gid': 'G154', 'drseq': 'ATTGAGAAATGTAGCTCCCCGATAGGGGACGGAAAC'}"
"","{'seq': 'GGTCGCTGACCTTATTTCTGAAGCAGAGAAAATGTTC', 'spid': 'SP5', 'cov': '2'}",3
"","{'seq': 'ATGTATAAAATTCGTGCCATGAAAAACGATGAACGT', 'spid': 'SP8', 'cov': '2'}",2
"","{'seq': 'GTGATATATATGTGACAGTTGTCAAGGTACAATTTC', 'spid': 'SP12', 'cov': '2'}",2
"","{'seq': 'ATCACAAATTCCACTCCCATAGTTCCGCCTGTCATA', 'spid': 'SP15', 'cov': '1'}",1
"","{'seq': 'ATTTTTACAAGTGTTAAGTATTCCATGCTTACCT', 'spid': 'SP20', 'cov': '2'}",2
"","{'seq': 'ATATAATCATCAAAGGAACGGAGGAAAGTAAAATGACG', 'spid': 'SP65', 'cov': '1'}",4
"","{'seq': 'GAGCTGTTCATCATAGTCTACCGTCGAAACTGATCTTG', 'spid': 'SP68', 'cov': '1'}",3
"","{'seq': 'TGTGTCATACGTCTAGGATGCGTAATCCACTGATG', 'spid': 'SP37', 'cov': '3'}",3
"","{'seq': 'GTATGAGCCTGAAGTGTCAGGAAGATTTTATCAGT', 'spid': 'SP42', 'cov': '1'}",2
"","{'seq': 'GATATCAATTGTACCATTGATTGAACCGTTCAAT', 'spid': 'SP60', 'cov': '1'}",1
"","{'seq': 'TGTTCATGATTTTCTCCTTTCGTTTTTCGTTTGC', 'spid': 'SP74', 'cov': '2'}",2
"","{'seq': 'ATGTCATTTTCCCAAATTTTCTTCCCGTTCTTGTCGCA', 'spid': 'SP77', 'cov': '1'}",2
"","{'seq': 'GCTGATTGTCTTTTTAGTCCAGTATGCGTTGCGAACT', 'spid': 'SP81', 'cov': '1'}",1
"","{'seq': 'CTATAATGCAGTATTGCCGAGTGGTGAGTTGATG', 'spid': 'SP84', 'cov': '1'}",1
"","{'seq': 'CTTTGCGGAAAGAGTTTTGTAGAATTCAGGGAAAAA', 'spid': 'SP95', 'cov': '1'}",1
"{'gid': 'G158', 'drseq': 'GTTTTCGTCCCCTATCGGGGCTTTTATTTTCTTAATCGAA'}"
"","{'seq': 'GTTTTTCGCAAGTATAAAACACAACAAGAAGCAATTGA', 'spid': 'SP5', 'cov': '2'}",4
"","{'seq': 'AAATGTGTATGTGATTGTGGAAAAATAAGCTTTGT', 'spid': 'SP8', 'cov': '4'}",5
"","{'seq': 'ATTGCAAAAGACACGAGAAAAGAAGAACAGGCAGTCA', 'spid': 'SP13', 'cov': '3'}",8
"","{'seq': 'TCAATGATGCTTCATATGCGTACTACGCAGAGG', 'spid': 'SP19', 'cov': '4'}",4
"{'gid': 'G164', 'drseq': 'ATGTTTCAATTCCACAAGGTACGATTAAAAG'}"
"","{'seq': 'GCTATCACAGTCCTTTCTGCTATAGCTGGCTTT', 'spid': 'SP8', 'cov': '3'}",3
"","{'seq': 'CGGAGGTCGCCGCAAAGCGGCGGGCGACAGAGCG', 'spid': 'SP15', 'cov': '1'}",1
"","{'seq': 'GCCCGCCGCAACGGCAGGCTTTCGACTTGACC', 'spid': 'SP20', 'cov': '1'}",1
"","{'seq': 'ATTTCTGTTTCGCAGGCTTTAGCAAGAAAGAGAT', 'spid': 'SP23', 'cov': '1'}",1
"","{'seq': 'ACCGCTTTCCCGTTGCTCTTCACCTGATGTAGGC', 'spid': 'SP29', 'cov': '1'}",1
"","{'seq': 'TATGAAGTGGAAAAACAGAGTTACTCTACCAATC', 'spid': 'SP34', 'cov': '1'}",1
"{'gid': 'G174', 'drseq': 'AGTTTCCGTCCCTTACAGGGGTTATTCGTTTTTTAAT'}"
"","{'seq': 'GTCAATACGGTGAGGATTTTGCAACAATCGGTGATG', 'spid': 'SP5', 'cov': '2'}",5
"","{'seq': 'GCAGAAGCAATCGAACTATACAAAGATTTTCTAATTGA', 'spid': 'SP8', 'cov': '4'}",5
"","{'seq': 'CCCGAAAATCATATTTGCGGTATGACTATACAAAAAA', 'spid': 'SP12', 'cov': '1'}",2
"","{'seq': 'CTGGAGGAATTGACACAGGTTACGGCTATACCGCTACGC', 'spid': 'SP19', 'cov': '2'}",3
"","{'seq': 'GTAGTATTATGGATTACAAAGGAGGAAAATAAT', 'spid': 'SP24', 'cov': '1'}",3
"","{'seq': 'ATTGCGTTAGATTGCATTAGCAGACTATCCAAA', 'spid': 'SP32', 'cov': '1'}",1
"","{'seq': 'TGCAGGTATCCGTGCAATTAAAACAGTAGCACAAA', 'spid': 'SP41', 'cov': '2'}",4
"","{'seq': 'AGATATATGGCATACATAGAAAAAACTATCATTGCAG', 'spid': 'SP39', 'cov': '2'}",2
"","{'seq': 'GCGAGCAGTTTTACAGAAAAAGCGGAAATGAAAGAAA', 'spid': 'SP50', 'cov': '1'}",2
"","{'seq': 'TAAAAAAATGTATAATCTGCGGTGGCGAATTTAAAACATC', 'spid': 'SP62', 'cov': '1'}",5
"","{'seq': 'CAAGTACAATTAGCAAATGGGAAAACGGAACGATAA', 'spid': 'SP64', 'cov': '1'}",5
"{'gid': 'G183', 'drseq': 'ATTTCAATCCACGCTCTCCATGAGGAGAGCGAC'}"
"","{'seq': 'ATACCCCGTTTCGGCACGGTGCGAACAAGTGTAC', 'spid': 'SP5', 'cov': '5'}",5
"","{'seq': 'GTGACTTCTCCGCCAAGGTATCGCATGTTATCGGG', 'spid': 'SP8', 'cov': '4'}",5
"","{'seq': 'GTCGGCGCTGAGCGGGTCGCCGTCCTGCATGAG', 'spid': 'SP13', 'cov': '2'}",3
"","{'seq': 'ATGGCGTTCTGGTAGTCGCCTTGCGCTGCGTAT', 'spid': 'SP24', 'cov': '1'}",2
"","{'seq': 'ACCGTTCCCAAGCATTGCAAAACACATTCAGCCGA', 'spid': 'SP89', 'cov': '3'}",6
"","{'seq': 'CGCTGCGGCCACCGGCTCCGGCAAGCTCACCAA', 'spid': 'SP84', 'cov': '2'}",4
"","{'seq': 'TGTTCGACCACGCCACCCTTAACGAGGATGGTAT', 'spid': 'SP39', 'cov': '5'}",7
"","{'seq': 'TGGCAGCCACGGTCATCACCATGCTCCCTTCA', 'spid': 'SP31', 'cov': '4'}",6
"","{'seq': 'GTATCCGCCGGAATTGTTGACCGTCACGCGTAT', 'spid': 'SP49', 'cov': '1'}",3
"","{'seq': 'CGACGATGATCCTGGGCAGCGCCATGGCTATCGT', 'spid': 'SP37', 'cov': '1'}",2
"","{'seq': 'TTAATGATTTGATGACTAAGAACAATGTTCTGACG', 'spid': 'SP51', 'cov': '1'}",3
"","{'seq': 'CGCCTCGAACGCTGATACCCCTCGCTATTATCTCG', 'spid': 'SP44', 'cov': '6'}",7
"","{'seq': 'TATCGAGGGCATGGAAGCCCGTGAGACGCATGAT', 'spid': 'SP62', 'cov': '1'}",8
"","{'seq': 'AATTTGTTGTCGTCCCTTGTGATTGCGAAATACG', 'spid': 'SP64', 'cov': '2'}",3
"","{'seq': 'TGATACGACGCTCGAAAATCATCTTAATCGTATC', 'spid': 'SP77', 'cov': '3'}",3
"","{'seq': 'CCCTTGTACGGCGCGAACGCACTGCTCCCAGCT', 'spid': 'SP80', 'cov': '1'}",3
"{'gid': 'G212', 'drseq': 'GTCGAAAGACAGCCCTGATTAGAAAGGGATTGCGACTGA'}"
"","{'seq': 'ATATCGACCTTTGAGGCATCGCCATCAAGCAT', 'spid': 'SP5', 'cov': '2'}",4
"","{'seq': 'GAAAACCATCTCGGGAGCGGTTGAACCCTCT', 'spid': 'SP9', 'cov': '1'}",2
"","{'seq': 'GAATCCCCTGAATGACCGTTATGGGCATT', 'spid': 'SP25', 'cov': '4'}",8
"","{'seq': 'TTGATGCATATCCTCCTTCAAGGAGTGAATC', 'spid': 'SP14', 'cov': '3'}",7
"","{'seq': 'GCTGCAAGAAGCAGTTCCTGATCACACACATA', 'spid': 'SP18', 'cov': '2'}",2
"{'gid': 'G225', 'drseq': 'ATTTCTATCCACGCCCTCCGCGAGGAGGGCGAC'}"
"","{'seq': 'AGCTGACAGCCGCAAGCTGGCAAAAGGCAAGATT', 'spid': 'SP5', 'cov': '2'}",2
"","{'seq': 'AACTTTAGAACTTAGTTTTTATTTAACTTTTCAAA', 'spid': 'SP8', 'cov': '1'}",1
"","{'seq': 'CTGAGCGTTTTGGACACCAGCGTAACGGCCACCGT', 'spid': 'SP16', 'cov': '1'}",1
"","{'seq': 'CCATCATTCTTTGACAGGAGGTACCACAATGGCCG', 'spid': 'SP21', 'cov': '1'}",1
"","{'seq': 'GTGCTTGTCTTCTTCCTCGAAGCGCTTCTTCATG', 'spid': 'SP27', 'cov': '1'}",3
"","{'seq': 'AGGGATTTCTATGTTGTTATGGTTTCCGGTAAAGCT', 'spid': 'SP42', 'cov': '3'}",4
"","{'seq': 'CGTCGGCGAGGTTCCGTTCACCTACCTTGTGCTTGA', 'spid': 'SP36', 'cov': '2'}",2
"","{'seq': 'CATGAGGACGGCTTCATTGTTGCCATCCCCTGT', 'spid': 'SP40', 'cov': '1'}",1
"","{'seq': 'TCGCCTTGGCGAGGCTCTTCGTGCACGGAATGG', 'spid': 'SP46', 'cov': '2'}",2
"","{'seq': 'AAAATTCCCAGTCAAACAATAGATGTTCGACTGG', 'spid': 'SP134', 'cov': '1'}",2
"","{'seq': 'GCTTTCGTGATCTTCGTGATTACGCCGTTCGGAAT', 'spid': 'SP52', 'cov': '1'}",1
"","{'seq': 'ACCATCCGGACGGAAACGCGCCGGTAGCGTCATA', 'spid': 'SP58', 'cov': '3'}",3
"","{'seq': 'GTCTGGATGCCGTTGTAGACCTCAGACCATGCGA', 'spid': 'SP64', 'cov': '1'}",1
"","{'seq': 'ACGGGCAATGTTACCGGCGTGCACACGCATTGG', 'spid': 'SP74', 'cov': '1'}",1
"","{'seq': 'TGACACGTGCTTTGTAGTTAGGCTTCCGAATACC', 'spid': 'SP77', 'cov': '1'}",1
"","{'seq': 'ATTTGGAAAGCGTTATGCTGGAGCAGACCGATATTG', 'spid': 'SP82', 'cov': '1'}",1
"","{'seq': 'CCGGAAAGGGTTGCGCCGCGCTGCTCTGCCTTTTT', 'spid': 'SP88', 'cov': '1'}",1
"","{'seq': 'TTGAAACCGTTAAGACAACAATAACAGGTTGTT', 'spid': 'SP97', 'cov': '1'}",2
"","{'seq': 'CGCTGCACCCGGCCATGATGGTTTGCAGTTTG', 'spid': 'SP93', 'cov': '2'}",2
"","{'seq': 'GCAATGCGGTCAACTCCGTCGTCAACTTCTTCAAG', 'spid': 'SP101', 'cov': '1'}",1
"","{'seq': 'TGTGTGTATCATGGCAGAGCCGTCAGTCCTACAAAA', 'spid': 'SP107', 'cov': '1'}",3
"","{'seq': 'AGAGGCACTGGCCAACTACAGGCAAATGAACGAGGAGG', 'spid': 'SP111', 'cov': '1'}",1
"","{'seq': 'AGAACGTCTTGATGAGGGTGTTGGAGACGTAGTC', 'spid': 'SP119', 'cov': '1'}",1
"","{'seq': 'ACGCTCAGTCTGGGCAGCCTTAAAGCACCAAATCAT', 'spid': 'SP127', 'cov': '1'}",1
"","{'seq': 'TTAAGCGTGATGGGCGAAAAGTCCCATTTGAGCGA', 'spid': 'SP130', 'cov': '1'}",1
"","{'seq': 'ATGATCAGGGCGTCGTCCTCAATCACGATCTGCGA', 'spid': 'SP138', 'cov': '1'}",1
"","{'seq': 'ACACCAAGACTGCCCCGAAAAAGGGTGCAACAAGA', 'spid': 'SP141', 'cov': '1'}",1
"","{'seq': 'CCATTGTCGACCGTGATGCTGGCGAAGATCTTCGG', 'spid': 'SP145', 'cov': '1'}",1
"","{'seq': 'TTGACTGCCGTAGATATTCTTCATAGATGCGGTAG', 'spid': 'SP150', 'cov': '1'}",1
"{'gid': 'G226', 'drseq': 'GTTGCCTCTCATGTAGAGGCGTGAATTGAAATA'}"
"","{'seq': 'AGCTGTTGGCTGTTGAGAAGCGTGGGCGCATAT', 'spid': 'SP24', 'cov': '3'}",4
"","{'seq': 'ATTTCGTGCTGCACTTCCCAGTGTGCCACCAC', 'spid': 'SP12', 'cov': '1'}",4
"","{'seq': 'TTTATTTTTGCTTCCCTTGTCCTTTGGATCGC', 'spid': 'SP30', 'cov': '3'}",3
"","{'seq': 'TTTATTGTTGGCATTGCACTGGAAGAAGCAACC', 'spid': 'SP40', 'cov': '1'}",1
"","{'seq': 'GTAGCAAAAAACTTAGGTACGTGATAAGCTCCA', 'spid': 'SP44', 'cov': '1'}",1
"{'gid': 'G319', 'drseq': 'TGTTTCAACTCACAGCCCCGCAAGGGGGCTGACAA'}"
"","{'seq': 'TGGTGTACTTTTAGTTACTGCGCCATTTCAC', 'spid': 'SP6', 'cov': '1'}",1
"","{'seq': 'CCAGTAGGCAGATAAGGAGGACATTATGGTT', 'spid': 'SP17', 'cov': '1'}",2
"","{'seq': 'AAATTCTGCAAGCGATACAAGCGATACAGT', 'spid': 'SP12', 'cov': '2'}",2
"","{'seq': 'CCTACGCCTTGATGCAGATTATTGTACCTTTA', 'spid': 'SP24', 'cov': '1'}",1
"{'gid': 'G323', 'drseq': 'AGTTTTTGTACTCTCAAGATTTAAGTAACTGTACAAC'}"
"","{'seq': 'GCGGATGAAACACAACTTCAATTGTATTC', 'spid': 'SP5', 'cov': '1'}",1
"","{'seq': 'TAATGCTACATCTCAAAGGATGATCCCAG', 'spid': 'SP8', 'cov': '2'}",2
"","{'seq': 'CAAAACCCACAAGATTATCGATGGTCTAA', 'spid': 'SP14', 'cov': '1'}",1
"","{'seq': 'ATTCCTTTTGCAGTGTTCCAAACAGCCAT', 'spid': 'SP19', 'cov': '1'}",1
"","{'seq': 'ATTTGACCGTTTATTTAGACGTGCTAAAG', 'spid': 'SP23', 'cov': '1'}",1
"","{'seq': 'AGAAATTCATGGCTGAAAAACTTTTGCAT', 'spid': 'SP26', 'cov': '1'}",1
"","{'seq': 'AATACGATTCATTGCAAGAATATGTAAAC', 'spid': 'SP30', 'cov': '1'}",1
"{'gid': 'G324', 'drseq': 'AGGTTCACCCCCGCTCACGCGGGGAATAC'}"
"","{'seq': 'CTTCTGATGATCTGGATCATTGGAATGATGAG', 'spid': 'SP57', 'cov': '1'}",2
"","{'seq': 'CGCGGGACGGGCGCCTGCATTTTGTGGTGCCTG', 'spid': 'SP6', 'cov': '2'}",2
"","{'seq': 'AACTCACGCCATTCATGCTTATAGCGTTCCTG', 'spid': 'SP11', 'cov': '4'}",5
"","{'seq': 'TAGCCGAAAAAGTCGGAGAAATGAAGAATGTA', 'spid': 'SP14', 'cov': '2'}",7
"","{'seq': 'GTCCGGACAGAAAAGTGCACTTTGCTCCATGA', 'spid': 'SP19', 'cov': '5'}",9
"","{'seq': 'GTCCAAAAGTACGATGCACATGTCCAAATAAT', 'spid': 'SP23', 'cov': '3'}",7
"","{'seq': 'TAGCTTCTGCAGCGATCTCAGTCACGCCAGTT', 'spid': 'SP28', 'cov': '3'}",3
"","{'seq': 'ATGGGACGGAATAAAGCCGCGTATTATTTGCT', 'spid': 'SP37', 'cov': '4'}",4
"","{'seq': 'AATATTATAATGCATATACTCCCTTAGGTCAA', 'spid': 'SP41', 'cov': '1'}",2
"","{'seq': 'ATTGATCACATATCCGTAAGAATCGACCGTG', 'spid': 'SP44', 'cov': '1'}",2
"","{'seq': 'ATGAAAGACAACTTATCTGAAGACTACGGTGC', 'spid': 'SP50', 'cov': '1'}",2
"","{'seq': 'AAAGAATTATCAAAACGTATTTTGTGTGGACA', 'spid': 'SP53', 'cov': '1'}",1
"","{'seq': 'GGCAATCCTTGGCGTACACTGTTCCGGCGTGT', 'spid': 'SP100', 'cov': '2'}",4
"","{'seq': 'AAACAATCGAGCTGATCCGGAAGGAACTGGAA', 'spid': 'SP67', 'cov': '1'}",3
"","{'seq': 'AAGAAGCATTCAAAGAGGAAGAATGTTTGCAT', 'spid': 'SP75', 'cov': '1'}",1
"","{'seq': 'CAGTCCATGTCAATATCACATGCTCATCTGTT', 'spid': 'SP81', 'cov': '1'}",2
"","{'seq': 'AGCCGGTCGGCATCCGGTCTGCCTCTGCGCTG', 'spid': 'SP90', 'cov': '1'}",1
"","{'seq': 'CCGACACGAGCCTCAAGCTCGTGTACCGCCAC', 'spid': 'SP95', 'cov': '1'}",2
"","{'seq': 'GGCTCCGCACGACGCAGGAGCGTGGCGGGTTC', 'spid': 'SP105', 'cov': '1'}",1
"","{'seq': 'AACTTCTCGGCGAGGTCGTTGATCGTCGGTCG', 'spid': 'SP110', 'cov': '1'}",1
"{'gid': 'G332', 'drseq': 'ACGTTTTAGACCATTACAAATTAACAAGGCTCTCAAAC'}"
"","{'seq': 'GGCAGCGGAGCACAGTTTATTTATGATA', 'spid': 'SP5', 'cov': '3'}",4
"","{'seq': 'TAGGAAGGTGGTGGATAAAAAATGTCTG', 'spid': 'SP8', 'cov': '3'}",3
"","{'seq': 'TTGTATTGTAACTATGAATATAAGTTAATA', 'spid': 'SP14', 'cov': '1'}",1
"","{'seq': 'TTGTAAGGATAAGTAGGTGTATATGTTG', 'spid': 'SP18', 'cov': '1'}",1
"","{'seq': 'CGTTCATCATTTTTGTAGTCTATATACT', 'spid': 'SP21', 'cov': '1'}",1
"","{'seq': 'ATACCTTTTGCAAAACTCACATTCCTCC', 'spid': 'SP25', 'cov': '1'}",1
"","{'seq': 'CCTTTGTTGATACATATGTATATCAGCT', 'spid': 'SP28', 'cov': '1'}",1
"{'gid': 'G357', 'drseq': 'ATTTCAACCCGCACTCCCCATGCGGGGAGTGAC'}"
"","{'seq': 'CCGTCGAACCTGGCTATACCCCTTTCACAGTATG', 'spid': 'SP5', 'cov': '1'}",1
"","{'seq': 'CTTGAGACCGTAGAGCTCTTCTGGTTCGCATCC', 'spid': 'SP8', 'cov': '1'}",1
"","{'seq': 'CTCGCTCGACCCCTACTTCCTCAGCGAGGACGA', 'spid': 'SP32', 'cov': '1'}",3
"","{'seq': 'ATCATCAGCATGGACACCAAGCCGCCGACGGGGAC', 'spid': 'SP13', 'cov': '4'}",4
"","{'seq': 'CGTAGCCGCTCTGCTTCGCCATCGCGAAGTTCTG', 'spid': 'SP28', 'cov': '2'}",5
"","{'seq': 'CGTGCGCGAGCGTACGTGCCGGCCGGTGAGGCAC', 'spid': 'SP18', 'cov': '3'}",5
"","{'seq': 'GCAGGATGTCGTTTCCGGCAACGTCCTAGATGAC', 'spid': 'SP22', 'cov': '2'}",5
"","{'seq': 'CGGCTTCAGCGCCCACGACGAGGACATTCTGTT', 'spid': 'SP25', 'cov': '1'}",1
"","{'seq': 'GAATTGTCCTGCATGTTCTCAGCGTAGGTCAACGT', 'spid': 'SP37', 'cov': '2'}",4
"","{'seq': 'CTAACCCCGGCGTCCCCGTCGTGGTCTTCGATCAG', 'spid': 'SP61', 'cov': '1'}",1
"","{'seq': 'GGTGAGTTCGCCGTTGGCGCGCTTGATCGATTCATT', 'spid': 'SP68', 'cov': '1'}",1
"","{'seq': 'TCGGCCTGATCCCCTACGTTGTCGTAGCGGATC', 'spid': 'SP71', 'cov': '1'}",1
"","{'seq': 'TCTCGATCCCGAGCTGAAAGGCACCGTCGATGA', 'spid': 'SP76', 'cov': '1'}",1
"{'gid': 'G374', 'drseq': 'ATTTCTACTCACACGTCCCTCGCGGGACGTGAC'}"
"","{'seq': 'ATTATTCTAAAGTAGGAGGCACACCGCATGAGTG', 'spid': 'SP6', 'cov': '1'}",1
"","{'seq': 'CAGCTGAATGAGAATAAGAACACGAACGCAATA', 'spid': 'SP11', 'cov': '3'}",3
"","{'seq': 'CATGCCGCGCATGACCTCGCCAGACAGGTTGATC', 'spid': 'SP14', 'cov': '3'}",3
"","{'seq': 'ATCTTCCGATTTAATAGAGATATTGTGGAATGTA', 'spid': 'SP19', 'cov': '1'}",1
"","{'seq': 'CTCCCTCCGGCGGTGATCTGCTGCAGATGCCTGG', 'spid': 'SP27', 'cov': '1'}",1
"","{'seq': 'GTTGTTGTGTCATACGTGTTGCCTGGTTCTGCA', 'spid': 'SP37', 'cov': '2'}",2
"","{'seq': 'TTTCATCACCGTACTGGATTGCTTCAATCTCGG', 'spid': 'SP46', 'cov': '2'}",2
"","{'seq': 'GGACATTTTTTCGGTGTCATGCACATAGGTTTGC', 'spid': 'SP49', 'cov': '2'}",2
"{'gid': 'G433', 'drseq': 'CCGCATTTCTATCCACGCTCTCCTTGCGGAGAGCGAC'}"
"","{'seq': 'CGGCATTGTGCCGATACGCTATGGTTTCGGCG', 'spid': 'SP5', 'cov': '1'}",1
"","{'seq': 'GCCATTGGCAGACGGGGCAGAGCCGCA', 'spid': 'SP8', 'cov': '1'}",1
"","{'seq': 'ACGGCTGACAGTCCGACAAAATGGACCGCTA', 'spid': 'SP15', 'cov': '2'}",2
"","{'seq': 'GTTACACCGCTAAAATGATAGTTAGTCAAGT', 'spid': 'SP21', 'cov': '1'}",1
"{'gid': 'G837', 'drseq': 'GTTTGAATAACCTTAAATAATTTCTACTTTGTAGATTA'}"
"","{'seq': 'GTGTTCCACAATTCCATCTTCAAG', 'spid': 'SP15', 'cov': '7'}",19
"","{'seq': 'ACTGCCACGAATTACCATAAAATA', 'spid': 'SP6', 'cov': '4'}",14
"","{'seq': 'CTTGACAAGTGCTGTGACTGTGTT', 'spid': 'SP40', 'cov': '5'}",11
"","{'seq': 'TATTAGAAATATGACAGAAAAA', 'spid': 'SP20', 'cov': '3'}",9
"{'gid': 'G1270', 'drseq': 'ATTTCAATCCACGCCTCCGCGAGGGAGGCGAC'}"
"","{'seq': 'CATGCATTAATTTTACTGATTTCTGAACGAGTAAA', 'spid': 'SP6', 'cov': '6'}",7
"","{'seq': 'CCGTGGAGGCGGCAAAAGAGATCATGAAGGTGGA', 'spid': 'SP15', 'cov': '4'}",5
"","{'seq': 'TTGATCCGAACCGGATCAGGAATAACAGATCATC', 'spid': 'SP18', 'cov': '4'}",7
"","{'seq': 'CTTTCTCATTTTCAAATTTTCCAATTTTTCAAATC', 'spid': 'SP164', 'cov': '1'}",2
"","{'seq': 'CGGGATGCAGAATGTTTGGAAGCACGCATACTT', 'spid': 'SP109', 'cov': '3'}",6
"","{'seq': 'GGAGCTTGTGTTGGCTAATGAGCTTATGAAGGT', 'spid': 'SP25', 'cov': '2'}",2
"","{'seq': 'TGTGTTTGCCATTATTCCTTAACTCCTTCCTGCG', 'spid': 'SP29', 'cov': '3'}",10
"","{'seq': 'AATGTTATCCGCTGCGGATGTGGCGGCAGTAACCA', 'spid': 'SP85', 'cov': '7'}",10
"","{'seq': 'CTGACGAACATTCCTGCTACATACAATAAATTC', 'spid': 'SP34', 'cov': '4'}",6
"","{'seq': 'GGAAATATCTTTAATGTCAATCGTAAATGATTT', 'spid': 'SP38', 'cov': '2'}",3
"","{'seq': 'GTGGAACCGTAAAAAGGTCTCTTGTCTCCTCTTT', 'spid': 'SP170', 'cov': '1'}",2
"","{'seq': 'ATTTTCTGTTGAGCAATAACGTTTGCCATTTATAC', 'spid': 'SP43', 'cov': '3'}",4
"","{'seq': 'GCGAGGGACTTCTGAAAAAGTTTCAGACTGTCCC', 'spid': 'SP48', 'cov': '6'}",10
"","{'seq': 'CTTGCCGCATCTAAATACTCCTTTGTCCATACG', 'spid': 'SP129', 'cov': '2'}",8
"","{'seq': 'ACAGGTTACTATTCAATCCATTCCCCGTTATACG', 'spid': 'SP57', 'cov': '11'}",11
"","{'seq': 'GTCCACAACGACACAGATAGCATCATCCGTCAAT', 'spid': 'SP60', 'cov': '3'}",4
"","{'seq': 'AGGACGCGAAAGATTCCATCTCTGAATTAGGAGAT', 'spid': 'SP90', 'cov': '1'}",4
"","{'seq': 'AAGTTTGGACTCATTCACGCTATGCGTGTTTCTT', 'spid': 'SP67', 'cov': '4'}",4
"","{'seq': 'AAGACGTGTCTGCCTTGCTATCATTGTAGCACATG', 'spid': 'SP75', 'cov': '3'}",4
"","{'seq': 'CGACTGACTTGGTTAGTCTTCACCTTCCATTCG', 'spid': 'SP72', 'cov': '5'}",7
"","{'seq': 'TTAGTGGAAACGAACCACCTAACATATATGTGTAG', 'spid': 'SP78', 'cov': '3'}",5
"","{'seq': 'AGTTTACGCCTGCATCAAAATACATTGATAACGT', 'spid': 'SP103', 'cov': '3'}",7
"","{'seq': 'CTATGAGATCAAGACAACGATCGCGGGCGTAAG', 'spid': 'SP150', 'cov': '1'}",4
"","{'seq': 'ATACGTTATCTCTGCGTGCTCATCCCTTTCTTT', 'spid': 'SP155', 'cov': '1'}",2
"","{'seq': 'TGATGGTTCCGGGTATTTCAAGGCTAATAAATTA', 'spid': 'SP120', 'cov': '2'}",2
"","{'seq': 'GTTTCCGGCTGCGGAGTAGATCCCTGTACACTCG', 'spid': 'SP143', 'cov': '3'}",5
"{'gid': 'G1271', 'drseq': 'AGTTTTCAATCCACGCCTCCGCGAAGGAGGCGAC'}"
"","{'seq': 'TCGGTCAAATCCTCAATATCAAAGGGGATTA', 'spid': 'SP58', 'cov': '3'}",6
"","{'seq': 'TAGATTTCGAAAAGCGTCTGCATACGTTAGAGG', 'spid': 'SP6', 'cov': '3'}",3
"","{'seq': 'ATGTTACACCCTATAACTTTAAATGCCTTATTAT', 'spid': 'SP109', 'cov': '1'}",3
"","{'seq': 'CAAAGGGGATTACCGAAAATAGCACTGGTGCT', 'spid': 'SP11', 'cov': '4'}",6
"","{'seq': 'ATTGTAAATTATACAATAAAATTTATGCAAAA', 'spid': 'SP14', 'cov': '2'}",2
"","{'seq': 'CACAGTCGGACATCATCGACGCACTTTCTT', 'spid': 'SP18', 'cov': '3'}",5
"","{'seq': 'TGGTTAGCACATTATTTTGAATTAGTAGAGGA', 'spid': 'SP25', 'cov': '2'}",3
"","{'seq': 'GGACTCCAAACTTACTTTACTTTCTGTTAAAATA', 'spid': 'SP50', 'cov': '2'}",4
"","{'seq': 'TTTGGTAATCAATTTAGCAGGAGGAAAGAAAAA', 'spid': 'SP30', 'cov': '5'}",8
"","{'seq': 'AAGTCCTCACCATCCATTATATCTACAATATCA', 'spid': 'SP87', 'cov': '2'}",5
"","{'seq': 'TCAAAAAGAGATAGTTCACACGATTTAATT', 'spid': 'SP35', 'cov': '4'}",5
"","{'seq': 'TACAAGGCTCTGCAAGCGTTCTAATTCCGTAA', 'spid': 'SP115', 'cov': '2'}",3
"","{'seq': 'ACCTAGCAAATATACTGTGCGATCAACACTTAA', 'spid': 'SP42', 'cov': '2'}",2
"","{'seq': 'GCTTAGTAGACAACATTAACTGGGACTTACT', 'spid': 'SP97', 'cov': '1'}",2
"","{'seq': 'CACCACCGTAATTGGAGTATTGGTTATCATAA', 'spid': 'SP56', 'cov': '2'}",5
"","{'seq': 'GTGTTCTTATATTTACCATAATCGGCATACAT', 'spid': 'SP112', 'cov': '2'}",3
"","{'seq': 'ATTAAAGTCCCTCATACAGGAGCCGTTACACCAC', 'spid': 'SP94', 'cov': '3'}",5
"","{'seq': 'AGTATAACATAGGGTAGACCCTATGTCAATGAAA', 'spid': 'SP74', 'cov': '2'}",2
"","{'seq': 'GATAGATAAAAACCATTGTCATAAATACACTG', 'spid': 'SP85', 'cov': '2'}",4
"","{'seq': 'CATAGATAAAAACCATTGTCATAAATACACTG', 'spid': 'SP105', 'cov': '1'}",3
"","{'seq': 'TTATTTCCTACATCAGACGAATAGCATTTGCA', 'spid': 'SP125', 'cov': '1'}",2
"{'gid': 'G1279', 'drseq': 'AGTTTTAGAGCTGTGTTGTTTCGAATGGTTCCAAAACC'}"
"","{'seq': 'TTCGTCTTTAAGAGCTTGAAAGGCTGCT', 'spid': 'SP5', 'cov': '1'}",1
"","{'seq': 'TATTTGCAGACAAAGAATTCAGTAAATC', 'spid': 'SP8', 'cov': '1'}",1
"","{'seq': 'CTGCCGCCCCGGGAAACCCAAGTGGTCA', 'spid': 'SP13', 'cov': '1'}",1
"","{'seq': 'AAACCATAACACTGACGACAATTCCATG', 'spid': 'SP16', 'cov': '1'}",1
"","{'seq': 'ACCTCCCTGGCAACTTGCCCTAAATAGT', 'spid': 'SP20', 'cov': '1'}",1
"","{'seq': 'CAAGGGATTCAAGGACCACAAGGCCCTC', 'spid': 'SP23', 'cov': '1'}",1
"{'gid': 'G1280', 'drseq': 'TAAGTTTTAGAGCTGTGTTGTTTCGAATGGTTCCAAAACA'}"
"","{'seq': 'GATGATTTCGATTATGCGGCGGTGGT', 'spid': 'SP5', 'cov': '1'}",1
"","{'seq': 'GTTAAAGCTGATGCAGGTGTATTGAC', 'spid': 'SP11', 'cov': '2'}",2
"","{'seq': 'CCAGTCCACAATATATTAATTGAATT', 'spid': 'SP16', 'cov': '1'}",1
"","{'seq': 'AATCCAGAGGTTAATCAAGCAGTATT', 'spid': 'SP21', 'cov': '1'}",1
"","{'seq': 'AAACCAAGTCGAGGCTGGTGGCTTGG', 'spid': 'SP24', 'cov': '1'}",1
"","{'seq': 'TTCGTCTTTAAGAGCTTGAAAGGCTG', 'spid': 'SP28', 'cov': '1'}",1
"{'gid': 'G1588', 'drseq': 'GTTTGAGAATGATGTAAAAATGTATGGTACTCAAAC'}"
"","{'seq': 'GATACAATAATCAGCCTCGTGCTTCTCTGG', 'spid': 'SP5', 'cov': '3'}",6
"","{'seq': 'CCGATCGGATGGGATACGGCTGGACGCAGG', 'spid': 'SP57', 'cov': '2'}",5
"","{'seq': 'AAGGAGTAGTGAGCAATGAGAACAGAAAGC', 'spid': 'SP10', 'cov': '7'}",8
"","{'seq': 'CTTCCATGAGGGCGACTGTCTTGCAACGCT', 'spid': 'SP13', 'cov': '7'}",8
"","{'seq': 'CTTGTACATCGGCTGTCCGTCAACTTCCAT', 'spid': 'SP47', 'cov': '1'}",9
"","{'seq': 'ACATGACTGTCGCTGTTGTGGTGCACTCTG', 'spid': 'SP20', 'cov': '1'}",1
"","{'seq': 'AGTATTACGAAGAGGGTTATATTTATATTA', 'spid': 'SP62', 'cov': '1'}",3
"","{'seq': 'AATCCGATAACCCTCCAATGTCGTTTCCGG', 'spid': 'SP25', 'cov': '2'}",2
"","{'seq': 'ACATTGTTTTCATGCACAGGTATAAGCCTA', 'spid': 'SP79', 'cov': '1'}",3
"","{'seq': 'CTGAGGTCATTGTTTTCAGCCTGCAGGTTA', 'spid': 'SP30', 'cov': '1'}",1
"","{'seq': 'GAAGCAATAGAAAATGCGTTCAGCACTGCC', 'spid': 'SP33', 'cov': '1'}",1
"","{'seq': 'TATTTTGTGCGCTTTTGGGCATCCCGGATCA', 'spid': 'SP38', 'cov': '1'}",1
"","{'seq': 'AGAAATCTGGCCGATCTGGTGAAGATCTCG', 'spid': 'SP41', 'cov': '2'}",2
"","{'seq': 'AAATGCCGTCAGAGTCCCAATTTGCCGCCT', 'spid': 'SP59', 'cov': '1'}",3
"","{'seq': 'TTCAGTGTCACGGCGTCGTGTGTCTGCTGG', 'spid': 'SP54', 'cov': '1'}",1
"","{'seq': 'TAATGGTATTTGTTGAAGAACGAACCAGTG', 'spid': 'SP67', 'cov': '1'}",1
"","{'seq': 'TGACGATATGCCACCCGCCGAATGGGAAGA', 'spid': 'SP72', 'cov': '6'}",6
"","{'seq': 'TTTCCACCTCCCCTAAATCTGTAAGTAATG', 'spid': 'SP75', 'cov': '5'}",5
"","{'seq': 'AGAAATTGCTAGATAAAATAATGGGCGGT', 'spid': 'SP85', 'cov': '1'}",1
"","{'seq': 'AGAGAGCTGGTAAGTAAAGGAATAACGCCT', 'spid': 'SP88', 'cov': '1'}",1
"{'gid': 'G1589', 'drseq': 'GTTTGAGAATGATGTAAAAACGTATGGTACTCAAAC'}"
"","{'seq': 'CAAGATAGGCCTTGTCAAATTCCTCATCTC', 'spid': 'SP26', 'cov': '3'}",8
"","{'seq': 'AGGGAAAGTCAATTTAGACATACCGCCTTA', 'spid': 'SP6', 'cov': '8'}",9
"","{'seq': 'CGCAGAGCCTATGAGAAGCGTTTAGAAGCC', 'spid': 'SP10', 'cov': '3'}",8
"","{'seq': 'TCTGAGATCATTGTTTTCAGCCTGTAAGTT', 'spid': 'SP13', 'cov': '3'}",7
"","{'seq': 'CCGAAAATCTGTTTGCTATACCTCTAGCGT', 'spid': 'SP17', 'cov': '5'}",9
"","{'seq': 'GTGATGTATCAATTTATGTTACCTCACTAG', 'spid': 'SP21', 'cov': '3'}",4
"","{'seq': 'TTTAAATACCATGCAACACGAAATGCAACA', 'spid': 'SP101', 'cov': '1'}",5
"","{'seq': 'GGAAAATCAAGGGGAAACTGAAGAATTTGA', 'spid': 'SP30', 'cov': '2'}",3
"","{'seq': 'TTGTAAACTAACGAGTATCATCTTTTTTCC', 'spid': 'SP39', 'cov': '3'}",5
"","{'seq': 'CAATCTTAAGACGTTTTAATCTCACTTCCT', 'spid': 'SP90', 'cov': '2'}",6
"","{'seq': 'AAACGCTGTCATAATGTCCAGGCATGGCC', 'spid': 'SP48', 'cov': '2'}",7
"","{'seq': 'ACCTGGCACCTCTGGCAAACTGGCAGACC', 'spid': 'SP72', 'cov': '4'}",7
"","{'seq': 'CTGTAGCTTTGTGTATCGGGCTATCTCCTG', 'spid': 'SP56', 'cov': '8'}",9
"{'gid': 'G1884', 'drseq': 'CTTTTCCCCGCATATGCGGGGGTGATCCC'}"
"","{'seq': 'GAAGGAAAAACAGAAATTGCAAGAACGCTAAT', 'spid': 'SP16', 'cov': '11'}",25
"","{'seq': 'TACGCTATTTCGTGGCCGGAGAATACGGCGAA', 'spid': 'SP19', 'cov': '14'}",23
"","{'seq': 'GCCGAATTGAAGCGGACTCTTTCAGTTCAGAA', 'spid': 'SP30', 'cov': '17'}",26
"","{'seq': 'TTAACACTCAATTATAAAGATATGCAAGACTT', 'spid': 'SP27', 'cov': '9'}",22
"","{'seq': 'AAGTAATAGAAGTCGATATAGGCATTGTCCATG', 'spid': 'SP33', 'cov': '15'}",34
"","{'seq': 'GTTGACTTGTATCTTCTGCCATATTCTAGGTA', 'spid': 'SP37', 'cov': '9'}",24
"","{'seq': 'GTGTCTGTGCTGCAATGTCCGGCAGCGGAAGC', 'spid': 'SP68', 'cov': '3'}",13
"","{'seq': 'TAGGTCAAGATAGGAAGGAGCCGCTTTGCGGC', 'spid': 'SP74', 'cov': '1'}",3
"","{'seq': 'CGACTAAGAAAGGAGAAAAGCAAATGGAAAAT', 'spid': 'SP143', 'cov': '1'}",2
"","{'seq': 'TTTATCCACATGATACCAGTAAAGTTCATCTT', 'spid': 'SP136', 'cov': '1'}",1
"","{'seq': 'ACACTGGGAGCGATTGCGCAAGGCATATACAA', 'spid': 'SP148', 'cov': '3'}",3
"","{'seq': 'AGATGATGAAACTTTCGGCTATCAAGAAGCAT', 'spid': 'SP151', 'cov': '1'}",1
"","{'seq': 'GTCTGCACCTCAGAGTTGTCCAGTTCAATCTT', 'spid': 'SP196', 'cov': '1'}",2
"","{'seq': 'CGACCAGTATATTAACTCTGGTGGTGTAAGGG', 'spid': 'SP182', 'cov': '1'}",1
"","{'seq': 'GCAGTTGTTTTCGTCCAGCATCTGCGGGTCCGG', 'spid': 'SP204', 'cov': '1'}",1
"{'gid': 'G1885', 'drseq': 'CTTTTCCCCGCATACGCGGGGGTGATCCC'}"
"","{'seq': 'TGTCATACATGCCCATATCGCAATCCTCCCTT', 'spid': 'SP17', 'cov': '29'}",42
"","{'seq': 'TCCCGGACAGGAACAGCCTGTTTTTGTAGGCG', 'spid': 'SP6', 'cov': '14'}",23
"","{'seq': 'GGTATTTCTACACGTCGGAGTATGCAGAGATT', 'spid': 'SP82', 'cov': '6'}",16
"","{'seq': 'ACATCCTCGGTGGACATCGACTTGACTTGGTC', 'spid': 'SP12', 'cov': '9'}",15
"","{'seq': 'ATTCAGGAATCGCCGAACCTGTTCAGCCTGAG', 'spid': 'SP140', 'cov': '2'}",14
"","{'seq': 'GTGAGTTAAGCTTAACACAACTACTGCCAGTTG', 'spid': 'SP57', 'cov': '9'}",34
"","{'seq': 'GGTGGTGCTTTTATGTTTGCTGTTGCCTGTCG', 'spid': 'SP27', 'cov': '2'}",5
"","{'seq': 'ATGGACACCCTGCAAACCGTCCATGATGCTAT', 'spid': 'SP63', 'cov': '14'}",17
"","{'seq': 'ATGCCAACTGCCGCCGCTGGTGGTCGGCGTGG', 'spid': 'SP66', 'cov': '13'}",22
"","{'seq': 'AGCCGAGGTCGGCGTGGAGCTTTCCGTTCCGG', 'spid': 'SP135', 'cov': '3'}",14
"","{'seq': 'GCGCTCCATCTCCTCATAGAGGGCGGCGGGCCA', 'spid': 'SP72', 'cov': '7'}",21
"","{'seq': 'ACGGTGCAGAACACCACCCGGGACATCATCGA', 'spid': 'SP88', 'cov': '1'}",6
"","{'seq': 'GAGTGGTTCCGGGACCAGAATGTGGACGACCC', 'spid': 'SP101', 'cov': '3'}",5
"","{'seq': 'AATACAAAACAAAGCTCGATGAAGAGCTGAAA', 'spid': 'SP180', 'cov': '4'}",10
"","{'seq': 'CGAGTAGATCACAGCTATCAGCAAGGCCTGAG', 'spid': 'SP297', 'cov': '1'}",4
"","{'seq': 'GCAGTTGTTTTCGTCCAGCATCTGCGGGTCCGG', 'spid': 'SP145', 'cov': '6'}",14
"","{'seq': 'GAGCTGCCTACGCATAACCACAGCGGAAGTAC', 'spid': 'SP150', 'cov': '6'}",12
"","{'seq': 'TGGGCTGTGTTGTTGCCGTAGTCGTACATGCT', 'spid': 'SP160', 'cov': '1'}",4
"","{'seq': 'CCGGCGGAGCAGTATGAGAGCCTTGTGAACGA', 'spid': 'SP157', 'cov': '2'}",3
"","{'seq': 'CACTTTGAAAAAGTGTGCGACGCAATCAAGCA', 'spid': 'SP174', 'cov': '3'}",7
"","{'seq': 'ACACGTTATGTGCCCCGGAGACATTGCCGGGC', 'spid': 'SP231', 'cov': '2'}",4
"","{'seq': 'TACGGCATTCTGGCGGACGCAGTGGGCGACTA', 'spid': 'SP204', 'cov': '3'}",3
"","{'seq': 'ATCCGGAATTATACTGGTAAACCAGTGCACAT', 'spid': 'SP244', 'cov': '4'}",5
"{'gid': 'G6324', 'drseq': 'AGATAAAGAGTAACATGAGATGTATTGAAAC'}"
"","{'seq': 'TAAATTATTCATAATATATGGTATTTAAAACTAC', 'spid': 'SP5', 'cov': '1'}",1
"","{'seq': 'TATTATTCTCCCTTCTTATGCGGCTGACATGTTGA', 'spid': 'SP8', 'cov': '1'}",2
"","{'seq': 'TCCGTGTACTGTTTTTTTATTTCTTCATCTGACA', 'spid': 'SP12', 'cov': '1'}",1
"","{'seq': 'TCCATGTCGAAGTCTTTTACATGTCTGATAGGCAA', 'spid': 'SP15', 'cov': '2'}",2
"","{'seq': 'ACTCAATATTGCTATTATAATCAGCACTGTGAGT', 'spid': 'SP19', 'cov': '1'}",1
"","{'seq': 'GTGCCCGGACGACTGCAACAGCCGTTGCGGATG', 'spid': 'SP48', 'cov': '1'}",4
"","{'seq': 'GATCAAACATCCAGGACTAATTGCAGCGCAATT', 'spid': 'SP29', 'cov': '1'}",1
"","{'seq': 'AAACAACCGTTTTACTTATGCTTCCTGCTGCACA', 'spid': 'SP34', 'cov': '1'}",1
"","{'seq': 'ACAATTTTAGTTTCCATTTCTGGTAAACGTTCCAT', 'spid': 'SP38', 'cov': '1'}",1
"","{'seq': 'AATATCCTGCCAGAGAAGCACAAAGAATGAATGCT', 'spid': 'SP44', 'cov': '1'}",1
"","{'seq': 'GTGGAATACATTTTAATTGAAGAATATGGAAGAG', 'spid': 'SP51', 'cov': '3'}",3
"","{'seq': 'CGCTAAGACATTTGCAAGTGAAGTACTGAAAA', 'spid': 'SP59', 'cov': '1'}",1
"{'gid': 'G6328', 'drseq': 'GAGTTTCAATACATCACATGTTACTCTTTATC'}"
"","{'seq': 'GACATATCTTTGTTTACGTTTGCGATATACCC', 'spid': 'SP5', 'cov': '2'}",5
"","{'seq': 'ATGCGGATGGAATGACTGTCAATGATCTTGTG', 'spid': 'SP8', 'cov': '2'}",5
"","{'seq': 'ACAAGCCTGCCAGATATAACCTATAACATCACA', 'spid': 'SP15', 'cov': '1'}",1
"","{'seq': 'GAAATCCAACAGCGCCGCTCTATGATCGCAAGG', 'spid': 'SP23', 'cov': '1'}",1
"{'gid': 'G6331', 'drseq': 'AAGTTTCAATACATCACATGTTACTCTTTATCA'}"
"","{'seq': 'TGCGGATGGAATGACTGTCAATGATCTTGTG', 'spid': 'SP5', 'cov': '1'}",1
"","{'seq': 'TTCGGGGAAAACCTGATGGATTATTCAGAGAC', 'spid': 'SP13', 'cov': '1'}",1
"","{'seq': 'CAGAAGTGACAAGGGCGAAAGCTGCAGAAG', 'spid': 'SP16', 'cov': '1'}",1
"{'gid': 'G16311', 'drseq': 'ATGTGTCAATGCCCTCAACGGGCTTCTATCCATTTCTACA'}"
"","{'seq': 'AGATGGCCGTTACGTCGCTATGTTCGGCTCATCA', 'spid': 'SP11', 'cov': '1'}",3
"","{'seq': 'GGTACAGTTCCTTATAAATCAGATTCCGTTTTGG', 'spid': 'SP6', 'cov': '2'}",2
"","{'seq': 'AATTACCGCAGGTGGTGTATGCAGCAGCTACCGT', 'spid': 'SP16', 'cov': '2'}",2
